0,Tu
0,Th
1,Tu
2,Tu
3,We
4,We
5,Tu
6,We
7,Tu
8,Tu
9,Tu
10,Tu
11,We
12,Mo
12,We
13,We
14,Tu
14,Th
15,Mo
15,We
15,Fr
16,Tu
16,Th
17,Th
18,Tu
18,Th
19,Tu
19,Th
20,Mo
21,Tu
21,Th
22,Tu
22,Th
23,Tu
23,Th
31,Mo
32,Tu
33,Tu
33,Th
34,Tu
35,We
36,Tu
37,We
38,Tu
39,Mo
40,Tu
41,We
42,Mo
42,We
43,Tu
43,Th
44,Tu
44,Th
45,Tu
45,Th
46,Tu
46,Th
47,Mo
47,We
48,Th
49,Th
50,Th
51,We
52,Fr
53,Fr
54,Fr
55,We
56,We
57,We
58,We
59,We
60,Mo
60,We
61,Tu
61,Th
62,Mo
62,We
63,We
64,We
65,Fr
66,Fr
67,Tu
68,Mo
68,We
69,Tu
69,Th
70,Tu
70,Th
71,We
72,We
73,We
74,Fr
75,Fr
76,Fr
77,Tu
77,Th
78,Th
79,Tu
80,Tu
80,Th
82,Mo
82,We
83,Fr
84,We
85,Mo
86,We
87,We
88,Th
89,Th
90,Fr
91,Fr
92,Mo
92,Fr
93,We
94,Tu
95,Tu
96,Th
97,Th
98,We
99,Mo
99,We
100,Th
101,Th
102,Th
103,Th
104,Fr
105,Fr
106,Fr
107,Mo
107,We
107,Fr
108,Tu
108,Th
109,Mo
109,We
110,We
111,We
112,Th
113,Mo
113,We
114,Fr
115,We
116,We
117,Th
118,Th
119,Th
120,Tu
120,Th
121,Mo
121,We
122,Th
123,Th
124,Th
125,Fr
126,Fr
127,Fr
128,Mo
128,We
129,We
130,We
131,Th
132,Tu
132,Th
133,Tu
133,Th
134,Th
135,Fr
136,Th
137,Tu
137,Th
138,Tu
138,Th
139,Tu
139,Th
140,Tu
141,Th
142,Mo
142,We
142,Fr
143,Tu
143,Th
144,Mo
145,Mo
145,We
146,Th
147,Th
148,Th
149,Tu
149,Th
150,Th
151,Th
152,Mo
152,We
153,We
154,Tu
155,Tu
155,Th
156,Mo
156,We
157,Tu
157,Th
158,Mo
158,We
159,Tu
159,Th
160,Mo
161,Tu
162,Tu
163,Tu
164,Tu
165,Th
166,Th
167,Th
168,Th
169,Tu
170,Tu
171,Tu
172,Th
173,Tu
174,Th
175,Th
176,Th
177,Tu
177,Th
178,Mo
178,We
178,Fr
179,Mo
179,We
179,Fr
180,Mo
180,We
180,Fr
181,Mo
181,We
181,Fr
182,Tu
182,Th
183,Mo
183,We
183,Fr
184,Mo
184,We
184,Fr
185,Mo
185,We
185,Fr
186,Mo
186,We
186,Fr
187,Mo
187,We
187,Fr
188,Mo
188,We
188,Fr
189,Mo
189,We
189,Fr
190,Mo
190,We
190,Fr
191,Mo
191,We
191,Fr
192,Mo
192,We
192,Fr
193,Tu
193,Th
194,Tu
194,Th
195,Tu
195,Th
196,Th
197,Tu
198,Mo
198,Tu
198,We
198,Th
198,Fr
199,Mo
199,Tu
199,We
199,Th
199,Fr
200,Mo
200,Tu
200,We
200,Th
200,Fr
201,Tu
201,Th
202,Mo
202,We
203,Mo
203,We
204,Tu
204,Th
205,Mo
205,We
207,Tu
207,Th
208,Tu
208,Th
209,We
210,Mo
210,We
210,Fr
211,Tu
211,Th
212,Tu
212,Th
213,We
214,Mo
214,We
214,Fr
215,Mo
215,We
215,Fr
216,Tu
216,Th
217,Tu
218,Tu
219,Tu
220,Tu
221,Tu
222,We
223,We
224,We
225,We
226,We
227,We
228,We
229,We
230,We
231,We
232,We
233,We
234,We
240,Mo
240,We
241,Mo
242,We
243,Mo
244,Mo
245,Mo
246,Mo
247,We
248,We
249,Mo
250,Mo
251,Fr
252,We
253,Tu
254,Tu
255,Mo
255,We
256,Mo
256,We
257,Tu
258,Tu
259,Th
260,Mo
260,We
261,Tu
262,Tu
263,Th
264,Mo
264,We
265,Tu
265,Th
266,Tu
266,Th
267,Tu
267,Th
268,Mo
269,Mo
270,We
271,Mo
271,We
272,Tu
272,Th
273,Tu
273,Th
274,Tu
275,Tu
275,Th
276,Tu
276,Th
277,Tu
277,Th
278,Mo
278,We
279,Tu
279,Th
280,Mo
280,We
281,We
282,Th
283,Th
284,Th
285,Th
286,Tu
287,Tu
287,Th
288,We
289,Mo
289,We
290,Mo
290,We
291,Tu
291,Th
292,Tu
292,Th
293,Tu
293,Th
294,Mo
294,We
295,Mo
295,We
296,Tu
296,Th
297,Mo
297,We
298,Tu
298,Th
299,Tu
299,Th
300,Mo
300,We
301,Mo
301,We
302,Tu
302,Th
303,Tu
303,Th
304,Tu
304,Th
305,Mo
305,We
306,Mo
306,We
307,Mo
307,We
308,Mo
308,We
309,Mo
309,We
310,Mo
310,We
311,Tu
311,Th
312,Tu
312,Th
313,Mo
313,We
314,Mo
314,We
315,Mo
315,We
316,Mo
316,We
317,Mo
317,We
318,Fr
319,Tu
319,Th
320,Mo
320,We
321,Mo
321,We
322,Mo
322,We
322,Fr
323,Mo
323,We
323,Fr
324,Mo
324,We
324,Fr
325,Mo
325,We
325,Fr
326,Tu
327,Tu
328,Tu
329,Tu
330,Mo
330,We
330,Fr
331,Mo
331,We
331,Fr
332,Mo
332,We
332,Fr
333,Mo
333,We
333,Fr
334,Tu
334,Th
336,Mo
336,We
336,Fr
337,Mo
337,We
338,Mo
338,We
339,Mo
339,We
339,Fr
340,Mo
340,We
340,Fr
341,Tu
341,Th
342,Mo
342,We
342,Fr
343,Tu
344,Mo
344,We
344,Fr
345,Fr
346,Tu
346,Th
347,Tu
348,We
349,Tu
349,Th
350,Tu
350,Th
351,Tu
351,Th
352,Mo
353,Tu
353,Th
354,Fr
355,Fr
356,Mo
357,Mo
358,Mo
359,Mo
360,Mo
361,Mo
362,Tu
363,Tu
364,Tu
365,Tu
366,Tu
367,Tu
368,Tu
369,Tu
370,Tu
371,We
372,We
373,We
374,We
375,We
376,We
377,We
378,We
379,We
380,Th
381,Th
382,Th
383,Th
384,Th
385,Th
386,Th
387,Th
388,Th
389,We
390,Mo
391,We
392,Mo
392,We
392,Fr
393,Mo
394,Mo
394,We
394,Fr
395,Tu
395,Th
396,Mo
396,We
396,Fr
397,Mo
397,We
397,Fr
398,Tu
398,Th
399,Tu
400,Tu
401,Mo
402,Tu
403,Tu
404,We
405,We
406,Mo
407,Mo
408,Mo
409,Tu
409,Th
410,Mo
411,Mo
412,Mo
413,Mo
414,Tu
415,Tu
416,We
417,We
418,We
419,Th
420,Th
421,Th
422,Tu
422,Th
423,Th
424,Th
425,Th
426,Tu
426,Th
427,Tu
427,Th
428,Tu
428,Th
429,Tu
429,Th
430,Tu
431,Tu
431,Th
432,Mo
432,Th
433,We
433,Fr
434,Tu
434,Th
435,Tu
435,Th
436,Tu
436,Th
437,Tu
437,Th
438,Tu
438,Th
439,Tu
439,Th
440,Fr
441,Mo
442,Tu
443,We
444,Th
445,Tu
445,Th
446,Mo
446,We
447,We
448,Tu
448,Th
450,Mo
450,We
451,Mo
451,We
452,Mo
452,We
454,We
456,Tu
456,Th
457,Mo
458,Mo
459,Mo
460,We
461,We
462,Mo
462,We
463,Mo
463,We
464,Mo
464,We
464,Fr
465,Tu
465,Th
466,Tu
467,Tu
467,Th
468,Th
469,Mo
469,We
470,We
471,Mo
471,We
472,We
473,Mo
473,We
473,Fr
474,Mo
474,We
474,Fr
475,Fr
476,Tu
476,Th
477,We
478,Tu
478,Th
479,Mo
480,Mo
481,We
482,Mo
482,We
483,Tu
483,Th
484,Mo
484,We
485,Tu
485,Th
486,Mo
486,We
487,Mo
487,We
488,Tu
488,Th
489,Mo
489,We
490,Tu
490,Th
491,Tu
492,Th
493,Th
494,Fr
495,Mo
496,We
497,We
498,We
499,Tu
500,Th
501,Th
502,Fr
503,Mo
504,Mo
505,Mo
506,Mo
507,Mo
508,Tu
509,Tu
510,Tu
511,Tu
512,Tu
513,Tu
514,Tu
515,Tu
516,Tu
517,Tu
518,We
519,We
520,We
521,We
522,We
523,We
524,We
525,We
526,We
527,We
528,Th
529,Th
530,Th
531,Th
532,Th
533,Th
534,Th
535,Th
536,Th
537,Th
538,Fr
539,Fr
540,Fr
541,Fr
542,Fr
543,Tu
543,Th
544,Tu
544,Th
545,Th
546,Th
547,Mo
548,Mo
549,Tu
550,We
551,Fr
552,Mo
553,Mo
554,Mo
555,Mo
556,Tu
557,Tu
558,Tu
559,Tu
560,We
561,We
562,We
563,We
564,Th
565,Th
566,Th
567,Th
568,Fr
569,Fr
570,Fr
571,Fr
572,Tu
572,Th
573,Mo
574,Mo
574,We
574,Fr
575,Tu
576,Mo
576,We
576,Fr
577,Tu
578,Tu
578,Th
579,We
580,Fr
581,Mo
582,Mo
583,Tu
584,Tu
585,We
586,We
587,Th
588,Th
589,Fr
590,Mo
590,We
590,Fr
591,Tu
592,Mo
592,We
592,Fr
593,Tu
594,Fr
595,Mo
596,Tu
597,We
598,Th
601,Tu
601,Th
602,Th
603,Mo
604,Tu
605,We
606,Fr
607,Mo
608,We
609,Th
610,Tu
610,Th
611,Tu
612,Tu
612,Th
613,Mo
613,Tu
613,We
613,Th
613,Fr
614,Mo
614,Tu
614,We
614,Th
614,Fr
615,Mo
615,Tu
615,We
615,Th
615,Fr
616,Mo
616,Tu
616,We
616,Th
616,Fr
617,Mo
617,Tu
617,We
617,Th
617,Fr
618,Mo
618,Tu
618,We
618,Th
618,Fr
619,Mo
619,Tu
619,We
619,Th
619,Fr
620,Mo
620,Tu
620,We
620,Th
620,Fr
621,Mo
621,Tu
621,We
621,Th
621,Fr
622,Mo
622,Tu
622,We
622,Th
622,Fr
623,Mo
623,Tu
623,We
623,Th
623,Fr
624,Mo
624,We
624,Fr
625,Mo
625,We
625,Fr
626,Mo
626,We
626,Fr
627,Mo
627,We
627,Fr
628,Mo
628,We
628,Fr
630,Mo
630,We
630,Fr
631,Mo
631,We
631,Fr
632,Mo
632,We
632,Fr
633,Mo
633,We
633,Fr
634,Tu
634,Th
635,Tu
635,Th
636,Mo
636,We
637,Tu
637,Th
638,Tu
638,Th
639,Fr
640,Fr
641,Fr
642,Fr
643,Mo
643,We
644,Th
645,Th
646,Th
647,Fr
648,Fr
649,Fr
650,Fr
651,Fr
652,Fr
653,Tu
653,Th
654,Mo
654,We
654,Fr
655,Mo
655,We
655,Fr
676,Tu
676,Th
677,Tu
677,Th
678,Tu
678,Th
679,We
680,We
681,We
682,We
683,Tu
683,Th
684,Mo
684,We
685,Tu
685,Th
686,Tu
686,Th
687,Tu
687,Th
688,Tu
688,Th
689,Tu
689,Th
690,Tu
690,Th
691,Tu
691,Th
692,Tu
692,Th
693,Tu
693,Th
694,Tu
694,Th
695,Tu
695,Th
696,Tu
696,Th
697,Tu
697,Th
698,Tu
698,Th
699,Tu
699,Th
700,Tu
700,Th
701,Tu
701,Th
702,Tu
702,Th
703,Mo
703,We
704,Mo
704,We
705,Mo
705,We
706,Tu
706,Th
707,Tu
707,Th
708,Tu
708,Th
709,Mo
709,We
710,Mo
710,We
711,Mo
711,We
712,Mo
712,We
713,Tu
713,Th
714,Tu
714,Th
715,Mo
715,We
716,Mo
716,We
717,Mo
717,We
718,Tu
718,Th
719,Mo
719,We
720,Mo
720,We
721,Mo
721,We
722,Tu
722,Th
723,Tu
723,Th
724,Tu
724,Th
725,Mo
726,Mo
727,Mo
727,We
728,Tu
728,Th
729,Mo
730,Tu
730,Th
731,Tu
731,Th
732,Tu
732,Th
733,We
734,We
735,Tu
735,Th
736,Fr
737,Mo
737,We
738,Mo
738,We
739,Mo
739,We
740,Tu
740,Th
741,Tu
742,Tu
742,Th
743,Tu
743,Th
744,Tu
745,Mo
746,We
747,Mo
747,We
748,Mo
748,We
749,Mo
749,We
750,Mo
750,We
751,Tu
751,Th
752,Tu
752,Th
753,Mo
753,We
754,Tu
754,Th
755,Tu
755,Th
756,Mo
756,We
757,Mo
758,Tu
759,Mo
759,We
760,Tu
760,Th
761,Mo
761,We
762,Mo
762,We
763,Mo
763,We
764,Mo
764,We
765,Th
766,Tu
767,We
768,Tu
768,Th
769,Mo
770,Tu
773,Mo
773,We
776,Mo
776,We
777,Mo
777,We
777,Fr
778,Mo
778,We
778,Fr
779,Mo
779,We
779,Fr
780,Th
781,Th
782,Th
783,Th
784,Th
785,Th
786,Th
787,Mo
787,We
788,Mo
788,We
788,Fr
789,Mo
789,We
789,Fr
790,Mo
790,We
790,Fr
791,Mo
792,Mo
793,Mo
794,Mo
794,We
794,Fr
795,Tu
796,Tu
797,Tu
797,Th
798,Tu
798,Th
799,Mo
799,We
799,Fr
802,Th
803,Th
804,Mo
804,We
804,Fr
805,Mo
805,We
805,Fr
806,Tu
807,Tu
808,Tu
809,Tu
810,Tu
811,Tu
812,Tu
814,Tu
814,Th
815,Tu
815,Th
816,Tu
816,Th
817,Tu
817,Th
818,Tu
818,Th
820,Mo
820,We
820,Fr
821,Tu
821,Th
822,We
823,We
825,We
826,We
827,We
828,Tu
828,Th
829,Mo
829,We
829,Fr
830,Mo
830,We
830,Fr
831,Mo
831,We
831,Fr
832,Mo
832,We
833,Mo
833,We
834,Tu
834,Th
835,Tu
835,Th
836,Tu
836,Th
837,Tu
837,Th
838,Mo
838,We
839,Tu
839,Th
840,Mo
840,We
840,Fr
841,Tu
841,Th
842,Mo
842,We
843,Mo
843,We
844,Tu
844,Th
845,Tu
845,Th
847,Mo
847,We
848,Tu
848,Th
849,Tu
849,Th
850,Mo
850,We
850,Fr
851,Mo
851,We
851,Fr
853,Tu
853,Th
854,Mo
854,We
855,Mo
855,We
857,Tu
857,Th
858,Mo
858,We
859,Tu
859,Th
860,Tu
860,Th
861,Tu
861,Th
862,Tu
862,Th
863,Tu
863,Th
864,Tu
864,Th
865,Mo
865,We
866,Tu
866,Th
867,Tu
867,Th
868,Tu
868,Th
869,Mo
869,We
870,Mo
870,We
871,Mo
871,We
872,Mo
872,We
873,Tu
873,Th
874,Tu
874,Th
875,Tu
875,Th
876,Tu
876,Th
877,Tu
877,Th
878,Mo
879,Tu
880,We
881,Th
883,Mo
883,We
883,Fr
884,Mo
885,Tu
886,We
887,Th
889,Tu
889,Th
890,Mo
891,Tu
892,We
893,Th
894,Fr
897,Tu
897,Th
898,Tu
898,Th
899,Tu
899,Th
902,Tu
902,Th
903,Mo
903,We
903,Fr
904,Tu
904,Th
905,Tu
905,Th
906,Tu
906,Th
908,Tu
908,Th
909,Mo
909,We
910,Tu
910,Th
915,Tu
915,Th
916,Tu
916,Th
917,Mo
917,We
918,Th
919,Tu
919,Th
920,Mo
920,We
921,Mo
921,We
922,Tu
923,Mo
923,We
924,Th
925,Fr
926,Th
927,Tu
927,Th
928,Mo
928,We
928,Fr
929,Mo
930,Mo
931,Tu
932,Tu
933,Tu
934,Mo
934,We
934,Fr
935,Tu
935,Th
936,Mo
936,We
936,Fr
937,Fr
938,We
939,Fr
940,Mo
940,We
940,Fr
941,Tu
941,Th
942,Tu
942,Th
943,Mo
943,We
944,We
945,We
946,Th
947,Tu
947,Th
948,Mo
948,We
949,Tu
949,Th
950,Mo
950,We
951,Tu
951,Th
952,Tu
952,Th
953,Mo
953,We
954,Mo
954,We
955,Th
956,Tu
957,Tu
957,Th
958,Th
959,Mo
959,We
960,Mo
960,We
961,Th
962,Th
963,Th
964,Fr
965,Fr
966,Fr
967,We
968,We
969,We
970,We
971,We
972,Th
973,Fr
974,Fr
975,Th
976,Th
977,We
978,Fr
979,We
980,We
981,We
982,Mo
982,We
983,Mo
983,We
984,Th
985,Th
986,Th
987,Tu
987,Th
988,Tu
988,Th
989,Tu
990,Mo
991,Fr
992,Th
993,Tu
994,Fr
995,Mo
996,Tu
997,Fr
998,Mo
999,Mo
1000,Fr
1001,Tu
1002,Mo
1003,Fr
1004,Mo
1005,Tu
1006,Mo
1007,Mo
1008,Mo
1009,Mo
1010,Mo
1011,Mo
1012,Tu
1013,Fr
1014,Fr
1015,Mo
1016,Mo
1017,Mo
1018,Mo
1019,Mo
1020,Mo
1021,Fr
1022,Fr
1023,Mo
1024,Fr
1025,Mo
1026,Fr
1027,Fr
1028,Mo
1029,Fr
1030,Fr
1031,Mo
1032,Tu
1033,Mo
1034,Mo
1035,Fr
1036,Fr
1037,Fr
1038,Fr
1039,Tu
1039,Th
1040,Tu
1040,Th
1041,Tu
1041,Th
1042,Fr
1043,Fr
1044,Fr
1045,Fr
1046,Th
1047,Th
1048,Tu
1048,Th
1049,Fr
1050,Fr
1051,Fr
1052,Fr
1053,Tu
1053,Th
1054,Fr
1055,Fr
1056,Fr
1057,Fr
1058,Mo
1058,We
1059,Mo
1059,We
1060,We
1061,We
1062,We
1063,We
1064,We
1065,We
1066,We
1067,We
1068,Tu
1068,Th
1069,Th
1070,Th
1071,Th
1072,Th
1073,Mo
1073,We
1074,We
1075,We
1076,We
1077,Tu
1077,Th
1078,Th
1079,Th
1080,Th
1081,Tu
1081,Th
1082,Fr
1083,Fr
1084,Fr
1085,Mo
1085,We
1086,We
1087,We
1088,We
1089,Tu
1089,Th
1090,Th
1091,Th
1092,Mo
1092,We
1093,Th
1094,Th
1095,Fr
1096,Fr
1097,Tu
1097,Th
1098,Fr
1099,Fr
1100,Th
1101,Th
1102,Tu
1102,Th
1103,Fr
1104,Fr
1105,Fr
1106,Fr
1107,Mo
1107,We
1108,Th
1109,Th
1110,We
1111,We
1112,Tu
1112,Th
1113,Mo
1114,Mo
1115,Tu
1115,Th
1116,Tu
1116,Th
1117,Mo
1117,We
1118,Tu
1118,Th
1119,Tu
1119,Th
1120,Tu
1120,Th
1121,Mo
1121,We
1122,Tu
1122,Th
1123,Fr
1124,Fr
1125,Fr
1126,Mo
1126,We
1127,Mo
1127,We
1128,Tu
1128,Th
1129,Mo
1130,Tu
1130,Th
1131,Tu
1131,Th
1132,Tu
1132,Th
1133,Mo
1134,Mo
1135,Mo
1136,Tu
1136,Th
1137,Tu
1138,Tu
1139,Tu
1140,Tu
1141,Mo
1141,We
1142,Tu
1142,Th
1143,Tu
1143,Th
1144,Tu
1144,Th
1145,Fr
1146,Fr
1147,Fr
1148,Fr
1149,Tu
1149,Th
1150,Fr
1151,Fr
1152,Mo
1152,We
1153,Mo
1153,We
1154,We
1155,We
1156,Th
1157,Mo
1157,We
1158,Th
1159,Th
1160,Tu
1160,Th
1161,Fr
1162,Fr
1163,Tu
1163,Th
1164,Mo
1165,Tu
1165,Th
1166,Mo
1166,We
1167,Mo
1168,Mo
1169,Tu
1169,Th
1170,Mo
1171,Mo
1172,Mo
1173,Tu
1173,Th
1174,Tu
1174,Th
1175,Tu
1175,Th
1176,We
1177,Mo
1177,We
1178,Tu
1178,Th
1179,Tu
1179,Th
1180,Tu
1181,Tu
1181,Th
1182,Tu
1182,Th
1183,Tu
1183,Th
1184,Tu
1184,Th
1185,Tu
1186,Tu
1188,Mo
1188,We
1189,Mo
1191,Tu
1191,Th
1193,Th
1194,Tu
1194,Th
1202,Tu
1202,Th
1203,We
1206,Tu
1206,Th
1210,We
1211,We
1212,We
1213,Tu
1214,Tu
1215,Tu
1215,Th
1220,We
1221,Tu
1221,Th
1222,Tu
1222,Th
1223,We
1224,Th
1226,Tu
1227,Tu
1230,Mo
1231,Tu
1231,Th
1232,Tu
1232,Th
1233,Mo
1233,We
1234,Tu
1234,Th
1235,Tu
1235,Th
1236,Th
1237,Mo
1237,We
1238,Mo
1238,We
1238,Fr
1239,Tu
1239,Th
1240,Tu
1241,Tu
1241,Th
1242,Tu
1242,Th
1243,Tu
1243,Th
1244,Mo
1244,We
1245,We
1246,Tu
1246,Th
1247,Th
1248,Mo
1249,Tu
1249,Th
1250,Mo
1250,We
1251,Tu
1251,Th
1252,Mo
1252,We
1253,Mo
1253,We
1254,Mo
1254,We
1255,Tu
1255,Th
1256,Mo
1256,We
1257,Mo
1257,We
1258,Tu
1258,Th
1259,Mo
1259,We
1260,Tu
1260,Th
1261,Mo
1261,We
1262,Tu
1262,Th
1263,Mo
1263,We
1264,Mo
1264,We
1265,Tu
1265,Th
1266,Tu
1266,Th
1267,Tu
1267,Th
1268,Mo
1268,We
1269,Tu
1269,Th
1270,Mo
1270,We
1271,Tu
1271,Th
1272,Tu
1272,Th
1273,Mo
1273,We
1274,Tu
1274,Th
1275,Mo
1275,We
1276,Tu
1276,Th
1277,Tu
1277,Th
1278,Tu
1278,Th
1279,Tu
1279,Th
1280,Mo
1280,We
1281,Tu
1281,Th
1282,Mo
1282,We
1283,Tu
1283,Th
1284,Tu
1284,Th
1285,Tu
1285,Th
1286,Mo
1286,We
1287,Mo
1287,We
1288,Tu
1288,Th
1289,Tu
1289,Th
1290,Mo
1290,We
1291,Mo
1291,We
1292,Tu
1292,Th
1293,Mo
1293,We
1294,Mo
1294,We
1295,Tu
1295,Th
1296,Mo
1296,We
1297,Tu
1297,Th
1298,Tu
1298,Th
1299,Tu
1299,Th
1300,Mo
1300,We
1301,Mo
1301,We
1302,Mo
1302,We
1303,Tu
1303,Th
1304,Tu
1304,Th
1305,Tu
1305,Th
1306,Tu
1306,Th
1307,Mo
1307,We
1308,Mo
1308,We
1309,Tu
1309,Th
1310,Tu
1310,Th
1311,Tu
1311,Th
1312,Mo
1312,We
1313,Mo
1313,We
1314,Tu
1314,Th
1315,Tu
1315,Th
1316,Mo
1316,We
1317,Mo
1317,We
1318,Fr
1319,Tu
1320,Th
1321,Mo
1321,We
1322,Mo
1322,We
1322,Fr
1323,Mo
1323,We
1323,Fr
1324,Mo
1324,We
1324,Fr
1325,Tu
1325,Th
1326,Tu
1326,Th
1327,Mo
1327,We
1328,Mo
1328,We
1329,Tu
1329,Th
1330,Mo
1330,We
1330,Fr
1331,Mo
1331,We
1332,Mo
1332,We
1332,Fr
1333,We
1334,Mo
1335,Tu
1336,Th
1337,Tu
1337,Th
1338,We
1339,Tu
1340,Mo
1341,We
1342,We
1343,Tu
1343,Th
1344,Mo
1344,We
1345,Tu
1345,Th
1346,Mo
1346,We
1346,Fr
1347,Mo
1347,We
1347,Fr
1348,Mo
1348,We
1349,Tu
1349,Th
1350,Tu
1350,Th
1351,Mo
1351,We
1352,Mo
1352,We
1353,Tu
1353,Th
1354,Mo
1354,We
1354,Fr
1355,Tu
1355,Th
1356,Mo
1356,We
1357,Mo
1357,We
1358,Tu
1358,Th
1359,Mo
1359,We
1360,Tu
1360,Th
1361,Mo
1361,We
1361,Fr
1362,Tu
1362,Th
1363,Mo
1363,We
1364,Mo
1364,We
1364,Fr
1365,Tu
1365,Th
1366,Tu
1366,Th
1367,Mo
1367,We
1368,Th
1369,Th
1370,Fr
1371,Fr
1372,Th
1373,We
1374,Th
1375,Th
1376,Th
1377,Th
1378,Th
1379,Th
1380,We
1381,Th
1382,We
1383,We
1384,Tu
1384,Th
1385,Tu
1385,Th
1386,Tu
1386,Th
1387,Mo
1387,We
1388,We
1389,We
1390,Th
1391,Th
1392,Fr
1393,Fr
1394,Mo
1394,We
1395,Mo
1395,We
1396,Mo
1396,We
1397,Tu
1397,Th
1398,Mo
1398,We
1399,Tu
1399,Th
1400,Mo
1400,We
1401,We
1402,We
1403,We
1404,We
1405,Th
1406,Th
1407,We
1408,We
1409,We
1410,Th
1411,Th
1412,Th
1413,Mo
1413,We
1414,We
1415,We
1416,Th
1417,Th
1418,Fr
1419,Fr
1420,Tu
1420,Th
1421,Mo
1421,We
1422,We
1423,We
1424,Fr
1425,Fr
1426,Mo
1426,We
1426,Fr
1427,Tu
1427,Th
1428,Tu
1428,Th
1429,We
1430,Mo
1430,We
1431,Mo
1431,We
1432,Tu
1432,Th
1433,Tu
1433,Th
1434,Tu
1434,Th
1435,Tu
1436,We
1437,Tu
1437,Th
1438,Mo
1438,We
1439,Tu
1440,Tu
1440,Th
1441,Th
1442,Tu
1442,Th
1443,Tu
1443,Th
1445,Tu
1445,Th
1446,Tu
1446,Th
1447,We
1448,Th
1449,We
1453,Mo
1453,We
1453,Fr
1456,Tu
1456,Th
1457,Mo
1457,We
1458,Mo
1458,We
1459,Mo
1459,We
1460,Mo
1460,We
1461,Tu
1461,Th
1462,Tu
1462,Th
1463,Mo
1463,We
1464,Mo
1464,We
1465,Mo
1465,We
1465,Fr
1466,Mo
1466,We
1466,Fr
1467,Tu
1467,Th
1468,Tu
1468,Th
1469,Tu
1469,Th
1470,Tu
1470,Th
1471,Tu
1471,Th
1472,Tu
1472,Th
1473,Tu
1473,Th
1474,Mo
1474,We
1474,Fr
1475,Tu
1475,Th
1476,Tu
1476,Th
1477,Mo
1477,We
1477,Fr
1478,Mo
1478,We
1478,Fr
1479,Mo
1479,We
1479,Fr
1480,Tu
1480,Th
1481,Mo
1481,We
1481,Fr
1482,Mo
1482,We
1482,Fr
1483,Mo
1483,We
1483,Fr
1484,Mo
1484,We
1484,Fr
1485,Tu
1485,Th
1486,Mo
1486,We
1486,Fr
1487,Mo
1487,We
1488,Mo
1488,We
1489,Mo
1489,We
1489,Fr
1490,Tu
1490,Th
1491,Mo
1491,We
1492,Mo
1492,We
1493,Mo
1493,We
1494,Mo
1494,We
1494,Fr
1495,Tu
1495,Th
1496,Tu
1496,Th
1497,Tu
1497,Th
1498,Mo
1498,We
1499,Mo
1499,We
1500,Mo
1500,We
1500,Fr
1501,Mo
1501,We
1501,Fr
1502,Mo
1502,We
1503,Tu
1503,Th
1504,Tu
1504,Th
1505,Mo
1505,We
1505,Fr
1506,Tu
1506,Th
1507,Tu
1507,Th
1508,Mo
1508,We
1508,Fr
1509,Tu
1509,Th
1510,Tu
1510,Th
1511,Tu
1511,Th
1512,Tu
1512,Th
1513,Tu
1513,Th
1514,Mo
1514,We
1514,Fr
1515,Mo
1515,We
1516,Tu
1516,Th
1517,Mo
1517,We
1517,Fr
1518,Tu
1518,Th
1519,Mo
1519,We
1520,Tu
1520,Th
1521,Mo
1521,We
1522,Tu
1522,Th
1523,Tu
1523,Th
1524,Tu
1524,Th
1525,Mo
1525,We
1525,Fr
1526,Mo
1526,We
1526,Fr
1527,Mo
1527,We
1527,Fr
1528,Tu
1528,Th
1529,Mo
1529,We
1529,Fr
1530,Tu
1530,Th
1531,Tu
1531,Th
1532,Tu
1532,Th
1533,Mo
1533,We
1534,Mo
1534,We
1535,Tu
1535,Th
1536,Tu
1536,Th
1537,Tu
1537,Th
1538,Tu
1538,Th
1539,Tu
1539,Th
1540,Tu
1540,Th
1541,Mo
1541,We
1542,Tu
1542,Th
1543,Tu
1543,Th
1544,Tu
1544,Th
1545,Tu
1545,Th
1546,Mo
1546,We
1547,Tu
1547,Th
1548,Tu
1548,Th
1549,Mo
1550,Mo
1550,We
1551,Mo
1551,We
1551,Fr
1552,Mo
1552,We
1552,Fr
1553,Tu
1553,Th
1554,Tu
1554,Th
1555,Mo
1555,We
1555,Fr
1556,Tu
1556,Th
1557,Tu
1557,Th
1558,Tu
1558,Th
1559,Mo
1559,We
1559,Fr
1560,Mo
1560,We
1560,Fr
1561,Mo
1561,We
1562,Tu
1562,Th
1563,Tu
1563,Th
1564,Tu
1564,Th
1565,Mo
1565,We
1565,Fr
1566,Mo
1566,We
1566,Fr
1567,Mo
1568,Tu
1568,Th
1569,Mo
1569,We
1569,Fr
1570,Tu
1570,Th
1571,Tu
1571,Th
1572,Mo
1572,We
1572,Fr
1573,Mo
1573,We
1573,Fr
1574,Mo
1576,Tu
1578,We
1580,Th
1582,Fr
1584,Mo
1584,We
1584,Fr
1585,Tu
1585,Th
1586,Mo
1587,Tu
1588,Tu
1588,Th
1589,Tu
1589,Th
1590,Mo
1591,Tu
1592,We
1593,Th
1594,Fr
1595,Mo
1596,Tu
1596,Th
1597,Mo
1598,Tu
1599,We
1600,Th
1601,Mo
1601,We
1601,Fr
1602,Mo
1603,Tu
1604,We
1605,Th
1606,Tu
1607,Tu
1607,Th
1608,Tu
1608,Th
1609,We
1610,Tu
1610,Th
1611,Tu
1611,Th
1612,Tu
1612,Th
1613,We
1614,Tu
1614,Th
1615,Fr
1616,Tu
1617,Tu
1618,Mo
1618,We
1618,Fr
1619,Tu
1619,Th
1620,Tu
1620,Th
1621,Mo
1622,Mo
1623,Mo
1623,We
1624,Tu
1624,Th
1625,Mo
1625,We
1625,Fr
1626,Tu
1626,Th
1627,Tu
1627,Th
1628,Tu
1628,Th
1629,Tu
1629,Th
1630,Tu
1630,Th
1631,Tu
1631,Th
1632,Tu
1632,Th
1633,Tu
1633,Th
1634,Mo
1634,We
1634,Fr
1635,Mo
1635,We
1635,Fr
1636,Mo
1636,We
1636,Fr
1637,Tu
1637,Th
1638,Tu
1638,Th
1639,Tu
1639,Th
1640,Mo
1640,We
1640,Fr
1641,Mo
1641,We
1641,Fr
1642,Mo
1642,We
1642,Fr
1643,Tu
1643,Th
1644,Tu
1644,Th
1645,Tu
1645,Th
1646,Tu
1646,Th
1648,Tu
1648,Th
1649,Tu
1649,Th
1650,Mo
1650,We
1650,Fr
1651,Tu
1651,Th
1652,Tu
1652,Th
1653,Tu
1653,Th
1654,Mo
1654,We
1654,Fr
1655,Tu
1655,Th
1656,Mo
1656,We
1657,Tu
1657,Th
1658,Mo
1658,We
1658,Fr
1659,Mo
1659,We
1660,Mo
1660,We
1661,Tu
1661,Th
1662,Tu
1662,Th
1663,Mo
1663,We
1663,Fr
1664,Mo
1664,We
1665,Tu
1665,Th
1666,Tu
1666,Th
1667,Tu
1667,Th
1668,Tu
1668,Th
1669,Tu
1669,Th
1670,Mo
1670,We
1671,Tu
1671,Th
1672,Mo
1672,We
1673,Tu
1673,Th
1674,Tu
1674,Th
1675,Mo
1675,We
1675,Fr
1676,Tu
1676,Th
1677,Tu
1677,Th
1678,Mo
1678,Tu
1678,We
1678,Th
1678,Fr
1679,Mo
1679,Tu
1679,We
1679,Th
1679,Fr
1680,Mo
1680,We
1680,Fr
1681,Mo
1681,We
1681,Fr
1682,Mo
1682,We
1682,Fr
1683,Mo
1683,We
1683,Fr
1684,Tu
1684,Th
1685,Mo
1685,We
1686,Tu
1686,Th
1687,Tu
1687,Th
1688,We
1689,We
1690,Mo
1690,We
1690,Fr
1691,Mo
1691,We
1692,Tu
1692,Th
1693,Tu
1693,Th
1694,Tu
1694,Th
1695,We
1696,Tu
1696,Th
1697,Mo
1697,We
1698,Tu
1698,Th
1700,Mo
1700,We
1700,Fr
1701,Tu
1701,Th
1702,Tu
1702,Th
1703,Mo
1703,We
1703,Fr
1704,Mo
1704,We
1704,Fr
1705,Tu
1705,Th
1706,Mo
1706,We
1707,We
1708,We
1709,We
1710,We
1711,Th
1712,Th
1713,We
1714,We
1715,We
1716,Th
1717,Th
1718,Th
1719,Mo
1719,We
1720,We
1721,We
1722,Th
1723,Th
1724,Fr
1725,Fr
1726,Tu
1726,Th
1727,Tu
1727,Th
1728,Tu
1729,Mo
1730,We
1731,Tu
1732,Tu
1732,Th
1733,Tu
1733,Th
1734,Mo
1734,We
1734,Fr
1735,Tu
1736,Tu
1736,Th
1737,Tu
1738,Tu
1738,Th
1739,We
1740,Mo
1740,Tu
1740,We
1740,Th
1740,Fr
1741,Mo
1741,We
1742,Mo
1742,Tu
1742,We
1742,Th
1743,Mo
1743,We
1744,We
1744,Fr
1745,Tu
1746,Tu
1746,Th
1747,Mo
1748,Mo
1749,Tu
1750,Mo
1750,We
1751,We
1752,We
1753,We
1754,Tu
1754,Th
1755,Tu
1755,Th
1756,Tu
1756,Th
1757,Mo
1758,Th
1759,Mo
1760,Mo
1760,We
1761,Th
1762,Fr
1763,Th
1764,Mo
1764,We
1765,Fr
1766,Fr
1767,Fr
1768,Mo
1768,We
1769,Mo
1769,We
1770,Th
1771,Th
1772,Th
1773,Fr
1774,Fr
1775,Fr
1776,Mo
1776,We
1777,We
1778,We
1779,We
1780,Mo
1780,We
1781,Mo
1781,We
1782,We
1783,We
1784,We
1785,Mo
1786,Tu
1787,Mo
1787,We
1788,Fr
1789,Fr
1790,Fr
1791,Mo
1791,We
1792,Mo
1792,We
1792,Fr
1793,Th
1794,Th
1795,Th
1796,Mo
1796,Tu
1796,We
1796,Th
1796,Fr
1797,Mo
1797,Tu
1797,We
1797,Th
1797,Fr
1798,Mo
1798,Tu
1798,We
1798,Th
1798,Fr
1799,Tu
1799,Th
1800,Fr
1801,Tu
1801,Th
1802,Tu
1803,Tu
1803,Th
1804,Mo
1804,We
1805,We
1806,We
1807,We
1808,Mo
1808,We
1809,We
1810,We
1811,We
1812,Fr
1813,Fr
1814,Fr
1815,Mo
1816,Tu
1816,Th
1817,Mo
1818,Th
1819,Tu
1820,Mo
1821,Mo
1821,We
1822,We
1823,We
1824,We
1825,Mo
1825,We
1826,We
1827,We
1828,We
1829,Tu
1829,Th
1830,Mo
1830,We
1831,Fr
1832,Fr
1833,Fr
1834,Mo
1834,We
1835,Fr
1836,Th
1837,Th
1838,Fr
1839,Fr
1840,Fr
1841,Mo
1841,We
1842,Fr
1843,Fr
1844,Th
1845,Fr
1846,Fr
1847,Fr
1848,Mo
1848,We
1849,Fr
1850,Th
1851,Th
1852,Tu
1852,Th
1853,Tu
1853,Th
1854,Mo
1854,We
1855,Fr
1856,We
1857,We
1858,Fr
1859,Th
1860,Fr
1861,We
1862,Mo
1862,We
1863,Fr
1864,Th
1865,Th
1866,Tu
1866,Th
1867,Mo
1867,We
1868,Tu
1869,Tu
1870,Tu
1871,Fr
1872,We
1873,Th
1874,We
1876,Tu
1877,Mo
1878,Th
1879,Th
1880,Th
1882,Tu
1883,We
1884,Th
1885,Mo
1885,We
1885,Fr
1886,Mo
1886,We
1886,Fr
1887,Mo
1887,We
1887,Fr
1888,Mo
1888,We
1888,Fr
1889,Mo
1889,We
1890,Tu
1890,Th
1891,Mo
1891,We
1891,Fr
1892,Mo
1892,We
1892,Fr
1893,Tu
1893,Th
1894,Tu
1894,Th
1895,Mo
1895,We
1895,Fr
1896,Mo
1896,We
1896,Fr
1897,Mo
1897,We
1897,Fr
1898,Mo
1898,We
1899,Tu
1899,Th
1900,Mo
1900,We
1901,Mo
1901,Tu
1901,We
1901,Th
1901,Fr
1902,Mo
1902,Tu
1902,We
1902,Th
1902,Fr
1903,Mo
1903,Tu
1903,We
1903,Th
1903,Fr
1904,Mo
1904,Tu
1904,We
1904,Th
1904,Fr
1905,Mo
1905,Tu
1905,We
1905,Th
1905,Fr
1906,Mo
1906,Tu
1906,We
1906,Th
1906,Fr
1907,Mo
1907,Tu
1907,We
1907,Th
1907,Fr
1908,Mo
1908,We
1908,Fr
1909,Mo
1909,We
1909,Fr
1910,Mo
1910,We
1910,Fr
1912,We
1913,Tu
1913,Th
1914,Tu
1914,Th
1915,Tu
1916,We
1917,Tu
1917,Th
1918,Tu
1918,Th
1919,Mo
1920,Tu
1921,We
1922,Mo
1922,We
1923,Mo
1923,We
1924,We
1925,Th
1926,Tu
1926,Th
1927,Tu
1927,Th
1928,Tu
1928,Th
1929,Tu
1929,Th
1930,Mo
1930,We
1930,Fr
1931,Mo
1931,We
1931,Fr
1932,Tu
1932,Th
1933,Tu
1933,Th
1934,Tu
1934,Th
1935,Tu
1935,Th
1936,Tu
1936,Th
1937,Tu
1937,Th
1938,Mo
1940,Mo
1940,We
1940,Fr
1941,Mo
1941,We
1941,Fr
1942,Tu
1942,Th
1943,Mo
1943,We
1943,Fr
1944,Mo
1944,We
1944,Fr
1945,Mo
1945,We
1945,Fr
1946,Tu
1946,Th
1947,Tu
1947,Th
1948,Tu
1948,Th
1949,Tu
1949,Th
1950,Tu
1950,Th
1951,Tu
1951,Th
1952,Mo
1952,We
1952,Fr
1953,Mo
1953,We
1953,Fr
1954,Tu
1954,Th
1955,Mo
1955,We
1955,Fr
1956,Tu
1956,Th
1957,Tu
1957,Th
1958,Tu
1958,Th
1959,Tu
1960,Tu
1960,Th
1961,Tu
1961,Th
1962,Tu
1962,Th
1966,Tu
1966,Th
1967,Tu
1967,Th
1968,Tu
1968,Th
1969,Tu
1969,Th
1971,Tu
1971,Th
1972,Fr
1973,Fr
1974,Mo
1974,We
1974,Fr
1975,We
1976,Tu
1976,Th
1977,Mo
1978,Tu
1978,Th
1979,Mo
1979,We
1979,Fr
1980,Fr
1981,Mo
1981,Tu
1981,We
1981,Th
1981,Fr
1982,Mo
1982,Tu
1982,We
1982,Th
1982,Fr
1983,Mo
1983,Tu
1983,We
1983,Th
1983,Fr
1984,Mo
1984,Tu
1984,We
1984,Th
1984,Fr
1985,Mo
1985,Tu
1985,We
1985,Th
1985,Fr
1987,Mo
1987,We
1987,Fr
1988,Mo
1988,We
1988,Fr
1989,We
1990,We
1991,Tu
1991,Th
1992,Mo
1992,We
1993,Tu
1993,Th
1994,Tu
1994,Th
1995,Mo
1995,We
1996,Mo
1996,We
1996,Fr
1997,Tu
1997,Th
1998,Tu
1998,Th
1999,Tu
1999,Th
2000,Mo
2000,We
2000,Fr
2001,Mo
2001,We
2001,Fr
2002,Mo
2002,We
2002,Fr
2003,Mo
2003,We
2003,Fr
2004,Mo
2004,We
2004,Fr
2005,Mo
2005,We
2005,Fr
2006,Mo
2006,We
2006,Fr
2007,Mo
2007,We
2007,Fr
2008,Mo
2008,We
2008,Fr
2009,Tu
2009,Th
2010,Fr
2011,Fr
2012,Fr
2013,Tu
2014,Mo
2014,We
2015,Mo
2015,We
2016,Mo
2017,Mo
2018,We
2019,We
2020,Mo
2020,We
2021,Th
2022,Th
2023,Th
2024,Th
2025,Th
2026,Th
2027,Th
2028,Th
2029,Th
2030,We
2031,Mo
2031,We
2032,We
2033,Th
2034,Th
2035,Th
2036,Tu
2037,Mo
2037,We
2038,Mo
2039,Mo
2040,We
2041,We
2042,Mo
2042,We
2043,Mo
2044,Mo
2045,Mo
2046,Tu
2047,Mo
2048,We
2049,We
2050,Th
2051,Tu
2052,Tu
2053,Tu
2053,Th
2054,Tu
2054,Th
2055,Tu
2055,Th
2056,Tu
2056,Th
2057,We
2058,Mo
2059,Th
2060,Tu
2060,Th
2061,Th
2062,Mo
2062,We
2063,Tu
2063,Th
2064,Mo
2064,We
2065,Mo
2066,Mo
2067,Tu
2068,We
2069,Th
2070,Tu
2070,Th
2071,We
2072,Tu
2072,Th
2073,Th
2074,Mo
2074,We
2075,Mo
2075,We
2076,Mo
2077,We
2078,Th
2079,Tu
2079,Th
2080,We
2081,We
2082,Tu
2083,Fr
2084,Mo
2085,Mo
2086,Mo
2087,We
2088,We
2089,We
2090,Mo
2090,We
2090,Fr
2091,Tu
2091,Th
2092,We
2093,We
2094,Mo
2094,We
2095,Mo
2096,Tu
2097,We
2098,Mo
2098,We
2098,Fr
2099,Tu
2099,Th
2100,Mo
2101,We
2102,We
2103,Mo
2104,Tu
2105,Tu
2106,Th
2107,We
2109,Th
2112,Tu
2112,Th
2113,Tu
2113,Th
2114,Tu
2114,Th
2115,Tu
2115,Th
2116,Mo
2117,Tu
2117,Th
2118,Mo
2118,We
2119,Mo
2119,We
2119,Fr
2120,Mo
2121,Tu
2122,We
2123,Tu
2123,Th
2124,Tu
2124,Th
2125,Mo
2125,We
2125,Fr
2126,Mo
2126,We
2127,Tu
2127,Th
2128,Mo
2128,We
2129,Th
2130,Tu
2130,Th
2131,Fr
2132,Tu
2132,Th
2133,Tu
2133,Th
2134,Tu
2134,Th
2135,Tu
2135,Th
2136,Mo
2136,We
2137,Mo
2137,We
2137,Fr
2138,Mo
2138,We
2138,Fr
2139,Mo
2139,We
2139,Fr
2140,Tu
2140,Th
2141,We
2142,Tu
2142,Th
2143,Tu
2143,Th
2144,Tu
2144,Th
2145,Mo
2145,We
2146,Mo
2146,We
2147,Mo
2147,We
2148,Mo
2148,We
2148,Fr
2149,Mo
2149,We
2149,Fr
2150,Mo
2150,We
2150,Fr
2151,Tu
2151,Th
2152,Fr
2153,Tu
2153,Th
2154,Fr
2155,Tu
2155,Th
2156,Fr
2157,Mo
2157,We
2158,Th
2159,Tu
2159,Th
2160,Fr
2161,Tu
2161,Th
2162,Fr
2163,Tu
2163,Th
2164,Fr
2165,Tu
2165,Th
2166,Fr
2167,Mo
2167,We
2168,Th
2169,Mo
2169,We
2170,Th
2171,Mo
2171,We
2172,Th
2173,Mo
2173,We
2174,Th
2175,Tu
2175,Th
2176,Mo
2177,Mo
2177,We
2177,Fr
2178,Th
2179,Mo
2179,We
2179,Fr
2180,Mo
2180,We
2180,Fr
2181,Mo
2181,We
2181,Fr
2182,Tu
2182,Th
2183,We
2184,Tu
2184,Th
2185,We
2186,Mo
2186,We
2187,Tu
2188,Mo
2188,We
2189,Tu
2190,Tu
2190,Th
2191,We
2192,Tu
2192,Th
2193,We
2194,Tu
2194,Th
2195,Mo
2196,Tu
2196,Th
2197,Mo
2197,We
2198,Mo
2198,We
2199,Mo
2199,We
2200,Tu
2200,Th
2201,Tu
2201,Th
2202,Mo
2202,We
2202,Fr
2203,Tu
2203,Th
2204,Tu
2204,Th
2205,Tu
2205,Th
2206,Tu
2206,Th
2207,Tu
2207,Th
2208,Mo
2208,We
2208,Fr
2209,Tu
2209,Th
2210,Tu
2210,Th
2211,Mo
2211,We
2211,Fr
2212,Mo
2212,We
2213,Fr
2214,Tu
2214,Th
2215,Mo
2216,Mo
2217,Mo
2218,Tu
2219,Tu
2220,Tu
2221,Th
2222,Th
2223,Th
2224,Fr
2225,Fr
2226,Fr
2227,Mo
2228,Tu
2228,Th
2229,Th
2230,Tu
2230,Th
2231,Tu
2231,Th
2232,Tu
2232,Th
2233,Mo
2234,Mo
2234,We
2235,Mo
2235,We
2236,Tu
2236,Th
2237,Tu
2238,Mo
2238,We
2239,Mo
2239,We
2240,Tu
2240,Th
2241,We
2242,We
2243,Tu
2244,Tu
2244,Th
2245,Mo
2245,We
2246,Tu
2246,Th
2247,Tu
2247,Th
2248,Tu
2249,Tu
2249,Th
2250,Mo
2250,We
2251,Mo
2251,We
2252,Mo
2253,Mo
2253,We
2254,Tu
2254,Th
2255,Tu
2255,Th
2256,Tu
2256,Th
2257,Tu
2257,Th
2258,Tu
2258,Th
2259,We
2260,We
2261,We
2262,Fr
2263,Fr
2264,Fr
2266,Mo
2266,We
2268,Tu
2268,Th
2269,Tu
2271,Mo
2272,Th
2273,We
2274,Mo
2274,We
2274,Fr
2276,Tu
2276,Th
2277,Tu
2277,Th
2278,Mo
2278,We
2279,Tu
2279,Th
2280,Tu
2280,Th
2283,Mo
2283,We
2284,Mo
2284,We
2285,We
2286,Th
2288,Tu
2290,We
2291,Th
2293,Tu
2295,Th
2297,Tu
2299,Fr
2301,Tu
2303,Tu
2303,Th
2304,Tu
2304,Th
2305,Tu
2305,Th
2306,Tu
2306,Th
2307,Mo
2307,We
2307,Fr
2308,Tu
2308,Th
2309,Tu
2309,Th
2310,Mo
2310,We
2311,Tu
2312,Tu
2313,Tu
2314,We
2315,Th
2316,Tu
2316,Th
2317,Tu
2317,Th
2318,Mo
2318,We
2319,Mo
2319,We
2320,Tu
2320,Th
2321,We
2322,Th
2323,Tu
2324,Th
2325,Mo
2325,Th
2326,We
2327,Mo
2328,Mo
2329,Mo
2330,Mo
2331,Mo
2332,We
2333,We
2334,We
2335,We
2336,We
2337,We
2338,We
2339,We
2340,Tu
2341,Tu
2347,Th
2348,Tu
2349,Fr
2350,Fr
2357,Tu
2358,Tu
2359,Mo
2359,We
2360,Fr
2361,Tu
2363,Th
2364,Th
2365,Th
2445,Mo
2445,We
2445,Fr
2446,Mo
2446,We
2446,Fr
2447,Mo
2447,We
2447,Fr
2448,Mo
2448,We
2449,Th
2450,Th
2451,Th
2452,Tu
2452,Th
2453,Mo
2453,We
2454,Mo
2454,We
2455,Tu
2456,Tu
2457,Tu
2458,Th
2459,Th
2460,Th
2461,Tu
2462,Tu
2463,Tu
2464,Tu
2464,Th
2465,Tu
2465,Th
2466,Mo
2466,We
2467,Mo
2467,We
2468,Mo
2468,We
2470,Tu
2470,Th
2471,Tu
2471,Th
2473,Tu
2473,Th
2475,Mo
2475,We
2475,Fr
2476,Mo
2476,We
2476,Fr
2477,Mo
2477,We
2477,Fr
2478,Mo
2478,We
2479,Mo
2479,We
2479,Fr
2480,Mo
2480,We
2480,Fr
2481,Mo
2481,We
2482,We
2483,Tu
2483,Th
2484,Mo
2485,Mo
2486,Mo
2488,Tu
2488,Th
2489,We
2490,We
2491,We
2492,Tu
2492,Th
2493,Tu
2493,Th
2497,Mo
2497,We
2498,Th
2500,Tu
2500,Th
2501,Mo
2501,We
2502,Tu
2502,Th
2503,Tu
2503,Th
2504,Tu
2504,Th
2505,Tu
2505,Th
2506,We
2507,Tu
2507,Th
2508,Mo
2508,We
2508,Fr
2531,Tu
2547,Th
2548,Th
2549,Mo
2550,Tu
2551,Tu
2552,Tu
2553,Tu
2554,Th
2555,Th
2556,Th
2557,Th
2558,Fr
2559,Fr
2560,Fr
2561,Fr
2562,Mo
2562,We
2563,Tu
2564,Tu
2565,Th
2566,Th
2567,Fr
2568,Fr
2569,Mo
2569,We
2570,Tu
2571,Tu
2572,Th
2573,Th
2574,Fr
2575,Mo
2575,We
2576,Mo
2576,We
2577,Tu
2578,Tu
2579,Tu
2580,Th
2581,Th
2582,Mo
2582,We
2583,Tu
2584,Tu
2585,Th
2586,Th
2587,Th
2588,Fr
2589,We
2590,We
2591,We
2592,We
2593,We
2594,Tu
2594,Th
2610,Mo
2610,We
2610,Fr
2611,Tu
2612,Tu
2613,Tu
2614,Tu
2614,Th
2615,We
2616,Mo
2616,We
2617,Tu
2618,Th
2619,Mo
2619,We
2620,Tu
2621,Mo
2621,We
2622,Mo
2622,We
2623,Mo
2623,We
2624,Mo
2625,We
2626,We
2627,We
2628,We
2629,We
2630,We
2632,Th
2634,Mo
2635,We
2636,We
2637,Tu
2637,Th
2638,Mo
2638,Tu
2638,We
2638,Th
2638,Fr
2639,Mo
2639,We
2640,We
2641,Tu
2641,Th
2642,Fr
2643,Fr
2644,Fr
2645,Fr
2646,Fr
2647,Fr
2648,Fr
2649,Fr
2650,Fr
2651,Tu
2651,Th
2652,Tu
2652,Th
2653,Tu
2653,Th
2654,Mo
2654,We
2655,Fr
2656,Fr
2657,Fr
2658,Fr
2659,Fr
2660,Fr
2661,Mo
2661,We
2662,Fr
2663,Fr
2664,Fr
2665,Th
2666,Th
2667,Th
2668,Fr
2669,Fr
2670,Fr
2671,Mo
2671,We
2672,Fr
2673,Fr
2674,Fr
2675,Tu
2675,Th
2676,Mo
2676,We
2677,Tu
2677,Th
2678,Fr
2679,Fr
2680,Fr
2681,Fr
2682,Fr
2683,Fr
2684,Mo
2684,We
2685,Fr
2686,Fr
2687,Fr
2688,Tu
2688,Th
2689,Mo
2689,We
2690,Mo
2690,We
2691,Tu
2691,Th
2692,Tu
2692,Th
2693,Tu
2693,Th
2694,Tu
2694,Th
2695,Tu
2695,Th
2696,Tu
2696,Th
2697,Tu
2697,Th
2698,Tu
2698,Th
2699,Tu
2699,Th
2700,Tu
2700,Th
2701,Tu
2701,Th
2702,Tu
2702,Th
2703,Mo
2703,We
2703,Fr
2704,Mo
2704,We
2704,Fr
2705,Mo
2705,We
2705,Fr
2706,Mo
2706,We
2706,Fr
2707,Mo
2707,We
2707,Fr
2708,Mo
2708,We
2708,Fr
2709,Mo
2710,Mo
2711,Mo
2712,Mo
2713,Tu
2714,Tu
2715,Tu
2716,Tu
2717,Tu
2718,Tu
2719,We
2720,We
2721,We
2722,We
2723,We
2724,We
2725,We
2726,Th
2727,Th
2728,Th
2729,Th
2730,Th
2731,Mo
2731,We
2732,Tu
2733,Tu
2733,Th
2734,Tu
2734,Th
2735,Mo
2736,Mo
2737,Mo
2738,Mo
2739,Mo
2740,Tu
2741,Tu
2742,Tu
2743,We
2744,We
2745,We
2746,We
2747,Th
2748,Th
2749,Tu
2749,Th
2750,Mo
2750,We
2750,Fr
2751,Mo
2752,Mo
2753,Mo
2754,Mo
2755,Mo
2756,Mo
2756,We
2756,Fr
2757,We
2758,Fr
2759,Mo
2760,Tu
2761,We
2762,Th
2763,Tu
2763,Th
2764,Mo
2764,We
2764,Fr
2765,Tu
2765,Th
2766,Mo
2766,We
2766,Fr
2767,Tu
2767,Th
2768,Mo
2768,We
2768,Fr
2769,Tu
2769,Th
2770,Mo
2770,We
2770,Fr
2815,Tu
2815,Th
2816,Tu
2816,Th
2817,Tu
2817,Th
2818,We
2819,Tu
2819,Th
2820,Mo
2820,We
2821,Tu
2821,Th
2823,Mo
2823,We
2823,Fr
2824,Mo
2824,We
2824,Fr
2825,Mo
2825,We
2825,Fr
2826,Mo
2826,We
2827,Mo
2827,We
2828,Fr
2829,Fr
2830,Fr
2831,Fr
2832,Fr
2833,Fr
2834,Fr
2835,Fr
2836,Fr
2837,Th
2838,Th
2839,Th
2840,Th
2841,Mo
2841,We
2841,Fr
2842,Mo
2842,We
2842,Fr
2843,Tu
2844,Fr
2845,Tu
2845,Th
2846,Tu
2847,Th
2848,Mo
2849,Mo
2850,Tu
2851,Tu
2851,Th
2852,Tu
2852,Th
2853,Mo
2853,We
2854,Th
2855,Th
2856,We
2857,We
2858,We
2859,Fr
2860,We
2861,Tu
2862,Th
2863,Th
2864,Mo
2864,We
2865,We
2866,We
2867,We
2868,We
2869,Th
2870,Th
2871,Th
2872,Th
2873,Fr
2874,Mo
2874,We
2875,We
2876,Th
2877,We
2878,We
2879,Th
2880,Fr
2881,Fr
2882,Fr
2883,Fr
2884,We
2885,Th
2886,Mo
2887,Mo
2887,We
2888,We
2889,We
2890,We
2891,We
2892,Th
2893,Th
2894,Mo
2894,We
2895,We
2896,We
2897,We
2898,Mo
2898,We
2899,Fr
2900,Fr
2901,Fr
2902,Tu
2902,Th
2903,Mo
2903,We
2904,Th
2905,Th
2906,Mo
2906,We
2906,Fr
2907,Tu
2907,Th
2908,Mo
2908,We
2908,Fr
2909,Mo
2909,We
2909,Fr
2910,Mo
2910,We
2911,Tu
2912,Th
2913,Tu
2914,Mo
2915,Tu
2916,Tu
2916,Th
2917,Tu
2917,Th
2918,Fr
2919,Tu
2920,Tu
2921,Tu
2922,Tu
2922,Th
2923,Tu
2923,Th
2924,Tu
2924,Th
2925,Tu
2925,Th
2926,Mo
2926,We
2926,Fr
2927,Tu
2927,Th
2928,We
2929,Tu
2929,Th
2930,Mo
2930,We
2970,Tu
2970,Th
2972,Mo
2973,Mo
2973,We
2974,Tu
2974,Th
2975,Tu
2976,We
2977,Tu
2977,Th
2978,Tu
2978,Th
2979,Tu
2980,Tu
2980,Th
2981,Tu
2982,Tu
2982,Th
2983,Tu
2983,Th
2984,Mo
2984,We
2987,Th
2988,We
2989,Tu
2989,Th
2990,Tu
2991,Mo
2992,Mo
2992,We
2993,We
2994,We
2995,We
2996,Th
2997,Th
2998,Th
2999,Tu
2999,Th
3000,We
3001,We
3002,We
3003,Fr
3004,Fr
3005,Fr
3006,Tu
3006,Th
3007,Mo
3007,We
3008,Fr
3010,Fr
3011,Fr
3013,Mo
3013,We
3014,Fr
3015,Fr
3016,Fr
3017,Mo
3017,We
3018,We
3019,We
3020,We
3021,We
3022,Tu
3022,Th
3023,Tu
3023,Th
3024,Tu
3024,Th
3025,Mo
3025,We
3026,Mo
3026,We
3028,We
3029,We
3030,Mo
3030,We
3031,Th
3032,Th
3033,Th
3034,We
3035,We
3036,We
3037,Tu
3037,Th
3038,Tu
3039,Tu
3039,Th
3040,Th
3041,Th
3042,Th
3043,Mo
3043,We
3044,Th
3045,Th
3046,Th
3047,Fr
3048,Fr
3049,Fr
3050,Mo
3050,We
3051,Th
3052,Th
3053,Th
3054,We
3055,Fr
3056,Fr
3057,Fr
3058,We
3059,We
3060,We
3061,We
3062,We
3063,Mo
3063,We
3064,Tu
3064,Th
3065,Mo
3066,Tu
3066,Th
3067,Tu
3067,Th
3068,Mo
3069,Tu
3070,Th
3071,Tu
3071,Th
3072,Tu
3072,Th
3073,Mo
3074,Mo
3075,Mo
3076,Tu
3077,Tu
3078,Tu
3079,Th
3080,Th
3081,Th
3082,Tu
3082,Th
3083,Tu
3083,Th
3084,Tu
3084,Th
3085,Tu
3085,Th
3086,Mo
3086,We
3088,Fr
3089,Fr
3090,Fr
3091,Mo
3091,We
3092,Tu
3092,Th
3093,Mo
3093,We
3093,Fr
3094,Fr
3095,Th
3096,Tu
3096,Th
3097,Tu
3097,Th
3098,We
3099,Tu
3099,Th
3100,Tu
3100,Th
3101,Mo
3101,We
3101,Fr
3102,Mo
3102,We
3102,Fr
3103,Mo
3103,We
3103,Fr
3104,Tu
3105,Tu
3106,Mo
3106,We
3106,Fr
3107,Mo
3107,We
3107,Fr
3108,Mo
3108,We
3108,Fr
3109,Tu
3109,Th
3110,Mo
3110,We
3111,Tu
3111,Th
3112,Th
3113,Mo
3113,We
3114,Tu
3114,Th
3115,Mo
3115,We
3115,Fr
3116,Mo
3116,We
3116,Fr
3117,Mo
3117,We
3118,Mo
3118,We
3119,Mo
3119,We
3120,Fr
3121,Fr
3122,Fr
3123,Fr
3124,Fr
3125,Fr
3126,Fr
3127,Fr
3128,Fr
3129,Th
3130,Th
3131,Th
3132,Mo
3132,We
3133,Fr
3134,Fr
3135,Fr
3136,Fr
3137,Fr
3138,Fr
3139,Th
3140,Th
3141,Th
3142,Mo
3142,We
3143,Fr
3144,Fr
3145,Fr
3146,Tu
3146,Th
3147,Mo
3147,We
3148,Fr
3149,Fr
3150,Fr
3151,Mo
3151,We
3152,Fr
3153,Fr
3154,Fr
3155,Mo
3155,We
3156,Tu
3156,Th
3157,Mo
3157,We
3158,Tu
3158,Th
3159,Tu
3159,Th
3160,Mo
3160,We
3161,Fr
3162,Fr
3163,Fr
3164,Mo
3164,We
3165,Th
3166,Th
3167,Fr
3168,Fr
3169,Tu
3169,Th
3170,Fr
3171,Fr
3172,Fr
3173,Mo
3173,We
3174,Mo
3174,We
3175,Tu
3175,Th
3176,Tu
3176,Th
3177,Tu
3177,Th
3178,Tu
3178,Th
3179,Tu
3179,Th
3180,Tu
3180,Th
3181,Mo
3181,We
3182,Mo
3182,We
3183,Tu
3183,Th
3184,Tu
3184,Th
3185,Mo
3185,We
3186,Tu
3186,Th
3187,Mo
3187,We
3188,Tu
3188,Th
3189,Tu
3189,Th
3190,Tu
3190,Th
3191,Tu
3191,Th
3192,Tu
3192,Th
3193,Mo
3193,We
3194,Tu
3194,Th
3195,Tu
3195,Th
3196,Mo
3196,We
3196,Fr
3197,Mo
3197,We
3197,Fr
3198,Mo
3198,We
3198,Fr
3199,Mo
3199,We
3199,Fr
3200,Mo
3200,We
3200,Fr
3201,Mo
3201,We
3201,Fr
3202,Mo
3202,We
3202,Fr
3203,Mo
3203,We
3203,Fr
3204,Mo
3204,We
3204,Fr
3205,Mo
3205,We
3205,Fr
3206,Mo
3206,We
3206,Fr
3207,Mo
3207,We
3207,Fr
3208,Mo
3208,We
3208,Fr
3209,Mo
3209,We
3209,Fr
3210,Mo
3210,We
3210,Fr
3211,Mo
3211,We
3211,Fr
3212,Tu
3212,Th
3213,Mo
3213,We
3213,Fr
3214,Mo
3214,We
3214,Fr
3215,Tu
3215,Th
3216,Mo
3216,We
3216,Fr
3217,Mo
3217,We
3217,Fr
3218,Tu
3218,Th
3219,Tu
3219,Th
3220,Tu
3220,Th
3221,Tu
3221,Th
3222,Mo
3222,We
3222,Fr
3223,Tu
3223,Th
3224,Tu
3224,Th
3225,Mo
3225,We
3225,Fr
3226,Mo
3226,We
3226,Fr
3227,Tu
3227,Th
3228,Tu
3228,Th
3229,Mo
3229,We
3229,Fr
3230,Mo
3230,We
3230,Fr
3231,Tu
3231,Th
3232,Mo
3232,We
3232,Fr
3233,Tu
3233,Th
3234,Tu
3234,Th
3235,Mo
3235,We
3235,Fr
3236,Mo
3236,We
3236,Fr
3237,Tu
3237,Th
3238,Tu
3238,Th
3239,Tu
3239,Th
3240,Mo
3240,We
3240,Fr
3241,Tu
3241,Th
3242,Mo
3242,We
3242,Fr
3243,Tu
3243,Th
3244,Tu
3244,Th
3245,Tu
3245,Th
3246,Tu
3246,Th
3247,Tu
3247,Th
3248,Tu
3248,Th
3249,Mo
3249,We
3249,Fr
3250,Tu
3250,Th
3251,Mo
3251,We
3251,Fr
3252,Tu
3252,Th
3253,Tu
3253,Th
3254,Mo
3254,We
3254,Fr
3255,Mo
3255,We
3255,Fr
3256,Mo
3256,We
3256,Fr
3257,Mo
3257,We
3257,Fr
3258,Mo
3258,We
3258,Fr
3259,Mo
3259,We
3259,Fr
3260,Tu
3260,Th
3261,Tu
3261,Th
3262,Mo
3262,We
3262,Fr
3263,Mo
3263,We
3263,Fr
3264,Mo
3264,We
3264,Fr
3265,Mo
3265,We
3265,Fr
3266,Tu
3266,Th
3267,Tu
3267,Th
3268,Tu
3268,Th
3269,Mo
3269,We
3269,Fr
3270,Tu
3270,Th
3271,Mo
3271,We
3271,Fr
3272,Mo
3272,We
3272,Fr
3273,Tu
3273,Th
3274,Tu
3274,Th
3275,Mo
3275,We
3275,Fr
3276,Tu
3276,Th
3277,Tu
3277,Th
3278,Tu
3278,Th
3279,Tu
3279,Th
3280,Mo
3280,We
3281,Mo
3281,We
3282,Tu
3282,Th
3283,Tu
3283,Th
3284,Mo
3284,We
3285,Mo
3285,We
3286,Tu
3286,Th
3287,Mo
3287,We
3288,Mo
3288,We
3289,Mo
3289,We
3290,Tu
3290,Th
3291,Mo
3291,We
3292,Tu
3292,Th
3293,Tu
3293,Th
3294,Mo
3294,We
3295,Tu
3295,Th
3297,Mo
3297,We
3297,Fr
3298,Mo
3298,We
3298,Fr
3299,Tu
3299,Th
3300,Tu
3300,Th
3301,Tu
3301,Th
3302,Mo
3302,We
3303,Mo
3303,We
3304,Mo
3304,We
3305,Tu
3306,Tu
3307,Tu
3308,Tu
3309,Mo
3309,We
3310,Tu
3310,Th
3311,Tu
3311,Th
3312,Tu
3312,Th
3313,Tu
3313,Th
3314,Th
3315,Mo
3315,We
3316,Mo
3316,We
3317,Mo
3317,We
3318,Mo
3318,We
3319,Mo
3319,We
3320,Tu
3320,Th
3321,Mo
3321,We
3322,Mo
3322,We
3322,Fr
3323,Tu
3323,Th
3324,Tu
3324,Th
3325,Tu
3325,Th
3326,Tu
3326,Th
3327,Mo
3327,We
3328,Mo
3328,We
3328,Fr
3329,Tu
3329,Th
3330,Tu
3330,Th
3331,Tu
3332,Th
3333,Tu
3334,Tu
3335,Tu
3336,Mo
3337,We
3338,Th
3339,Th
3340,Th
3341,Mo
3342,Tu
3342,Th
3343,Tu
3343,Th
3344,Tu
3345,Tu
3345,Th
3346,Tu
3346,Th
3347,Mo
3347,We
3348,Mo
3349,Tu
3349,Th
3350,Tu
3350,Th
3351,Tu
3351,Th
3352,Th
3353,Mo
3353,We
3354,Mo
3355,Mo
3355,We
3356,Tu
3356,Th
3357,Tu
3357,Th
3358,Tu
3358,Th
3359,Tu
3359,Th
3360,Tu
3360,Th
3361,Tu
3361,Th
3362,Tu
3362,Th
3363,Tu
3364,Tu
3364,Th
3365,Mo
3365,We
3366,Tu
3366,Th
3367,Tu
3367,Th
3368,Tu
3368,Th
3369,Tu
3369,Th
3370,Th
3371,Tu
3371,Th
3372,Mo
3372,We
3373,Mo
3373,We
3374,Mo
3374,We
3375,Mo
3375,We
3375,Fr
3376,Mo
3376,We
3376,Fr
3377,Tu
3377,Th
3378,Tu
3378,Th
3379,Tu
3379,Th
3380,Tu
3380,Th
3381,Mo
3381,We
3382,Tu
3382,Th
3383,Mo
3384,We
3385,Mo
3385,We
3386,Mo
3386,We
3406,Tu
3406,Th
3407,Fr
3408,Fr
3409,Fr
3410,We
3411,Tu
3412,Mo
3413,Mo
3414,Tu
3415,Tu
3416,We
3417,We
3418,Mo
3418,Tu
3418,We
3418,Th
3418,Fr
3419,Tu
3419,Th
3420,Tu
3421,We
3422,Mo
3423,Th
3424,Tu
3425,Mo
3425,We
3426,We
3427,Th
3428,Th
3429,We
3430,Th
3431,Th
3432,Tu
3432,Th
3433,Tu
3434,Tu
3434,Th
3435,Mo
3435,We
3436,Tu
3436,Th
3437,Tu
3437,Th
3438,Mo
3438,We
3439,Tu
3439,Th
3440,Tu
3440,Th
3441,Mo
3441,We
3442,We
3443,Fr
3444,Fr
3445,Tu
3445,Th
3446,We
3447,Mo
3448,Tu
3449,Tu
3450,Th
