0,12:30pm - 1:45pm
1,6:00pm - 6:50pm
2,5:00pm - 5:50pm
3,5:00pm - 5:50pm
4,7:00pm - 7:50pm
5,7:00pm - 7:50pm
6,6:00pm - 6:50pm
7,4:00pm - 4:50pm
8,5:00pm - 5:50pm
9,6:00pm - 6:50pm
10,2:00pm - 4:30pm
11,2:00pm - 4:30pm
12,2:00pm - 3:15pm
13,6:00pm - 8:30pm
14,8:00am - 9:15am
15,10:00am - 10:50am
16,11:00am - 12:15pm
17,2:00pm - 4:30pm
18,9:30am - 10:45am
19,2:00pm - 3:15pm
20,6:00pm - 8:30pm
21,3:30pm - 4:45pm
22,2:00pm - 3:15pm
23,9:30am - 10:45am
31,6:00pm - 8:30pm
32,6:00pm - 8:30pm
33,3:30pm - 4:45pm
34,1:00pm - 1:50pm
35,1:00pm - 1:50pm
36,2:00pm - 2:50pm
37,2:00pm - 2:50pm
38,12:30pm - 1:45pm
39,12:30pm - 3:00pm
40,12:30pm - 1:45pm
41,3:30pm - 5:30pm
42,2:00pm - 3:15pm
43,2:00pm - 3:15pm
44,12:30pm - 1:45pm
45,9:30am - 10:45am
46,11:00am - 12:15pm
47,2:00pm - 2:50pm
48,5:00pm - 5:50pm
49,6:00pm - 6:50pm
50,7:00pm - 7:50pm
51,7:00pm - 7:50pm
52,12:00pm - 12:50pm
53,1:00pm - 1:50pm
54,2:00pm - 2:50pm
55,8:00pm - 8:50pm
56,6:00pm - 6:50pm
57,7:00pm - 7:50pm
58,5:00pm - 5:50pm
59,6:00pm - 6:50pm
60,2:00pm - 3:15pm
61,9:30am - 10:45am
62,10:00am - 10:50am
63,1:00pm - 1:50pm
64,3:00pm - 3:50pm
65,1:00pm - 1:50pm
66,2:00pm - 2:50pm
67,3:30pm - 6:00pm
68,3:30pm - 4:45pm
69,12:30pm - 1:45pm
70,3:30pm - 4:45pm
71,1:00pm - 1:50pm
72,5:00pm - 5:50pm
73,6:00pm - 6:50pm
74,10:00am - 10:50am
75,11:00am - 11:50am
76,12:00pm - 12:50pm
77,2:00pm - 3:15pm
78,5:00pm - 7:30pm
79,5:00pm - 7:30pm
80,11:00am - 12:15pm
82,11:00am - 11:50am
83,11:00am - 11:50am
84,1:00pm - 1:50pm
85,5:00pm - 5:50pm
86,1:00pm - 1:50pm
87,12:00pm - 12:50pm
88,6:00pm - 6:50pm
89,5:00pm - 5:50pm
90,9:00am - 9:50am
91,10:00am - 10:50am
92,12:00pm - 12:50pm
93,12:00pm - 12:50pm
94,6:00pm - 6:50pm
95,7:00pm - 7:50pm
96,5:00pm - 5:50pm
97,6:00pm - 6:50pm
98,12:00pm - 12:50pm
99,4:00pm - 4:50pm
100,8:00am - 8:50am
101,5:00pm - 5:50pm
102,6:00pm - 6:50pm
103,7:00pm - 7:50pm
104,9:00am - 9:50am
105,10:00am - 10:50am
106,11:00am - 11:50am
107,10:00am - 10:50am
108,2:00pm - 3:15pm
109,9:00am - 9:50am
110,12:00pm - 12:50pm
111,1:00pm - 1:50pm
112,2:00pm - 2:50pm
113,10:00am - 10:50am
114,10:00am - 10:50am
115,12:00pm - 12:50pm
116,1:00pm - 1:50pm
117,2:00pm - 2:50pm
118,5:00pm - 5:50pm
119,6:00pm - 6:50pm
120,9:30am - 10:45am
121,3:30pm - 4:20pm
122,9:00am - 9:50am
123,10:00am - 10:50am
124,5:00pm - 5:50pm
125,9:00am - 9:50am
126,10:00am - 10:50am
127,11:00am - 11:50am
128,11:00am - 11:50am
129,12:00pm - 12:50pm
130,1:00pm - 1:50pm
131,9:00am - 9:50am
132,9:30am - 10:45am
133,2:00pm - 2:50pm
134,2:00pm - 2:50pm
135,9:00am - 9:50am
136,5:00pm - 5:50pm
137,11:00am - 12:15pm
138,3:30pm - 4:45pm
139,2:00pm - 3:15pm
140,3:30pm - 6:00pm
141,3:30pm - 6:00pm
142,10:00am - 10:50am
143,9:30am - 10:45am
144,5:00pm - 7:30pm
145,10:00am - 10:50am
146,2:00pm - 2:50pm
147,5:00pm - 5:50pm
148,6:00pm - 6:50pm
149,11:00am - 12:15pm
150,5:00pm - 7:30pm
151,3:30pm - 6:00pm
152,3:30pm - 4:45pm
153,3:30pm - 6:00pm
154,5:00pm - 7:30pm
155,2:00pm - 3:15pm
156,5:00pm - 6:15pm
157,12:30pm - 1:45pm
158,5:00pm - 6:15pm
159,3:30pm - 4:45pm
160,4:00pm - 6:30pm
161,8:30am - 9:20am
162,8:30am - 9:20am
163,1:00pm - 1:50pm
164,1:00pm - 1:50pm
165,12:00pm - 12:50pm
166,1:00pm - 1:50pm
167,1:00pm - 1:50pm
168,1:00pm - 1:50pm
169,1:00pm - 1:50pm
170,1:00pm - 1:50pm
171,8:30am - 9:20am
172,1:00pm - 1:50pm
173,8:30am - 9:20am
174,1:00pm - 1:50pm
175,8:30am - 9:20am
176,1:00pm - 1:50pm
177,9:30am - 10:45am
178,10:00am - 10:50am
179,11:00am - 11:50am
180,12:00pm - 12:50pm
181,9:00am - 9:50am
182,9:30am - 10:45am
183,12:00pm - 12:50pm
184,10:00am - 10:50am
185,11:00am - 11:50am
186,12:00pm - 12:50pm
187,10:00am - 10:50am
188,11:00am - 11:50am
189,12:00pm - 12:50pm
190,2:00pm - 2:50pm
191,1:00pm - 1:50pm
192,11:00am - 11:50am
193,8:00am - 9:15am
194,2:00pm - 3:15pm
195,12:30pm - 1:45pm
196,2:00pm - 2:50pm
197,1:00pm - 1:50pm
198,10:00am - 10:50am
199,1:00pm - 1:50pm
200,12:00pm - 12:50pm
201,9:30am - 10:45am
202,2:00pm - 3:15pm
203,3:30pm - 4:45pm
204,12:30pm - 1:45pm
205,2:00pm - 3:15pm
207,3:30pm - 4:45pm
208,12:30pm - 1:45pm
209,3:30pm - 6:00pm
210,1:00pm - 1:50pm
211,12:30pm - 1:45pm
212,9:30am - 10:45am
213,6:00pm - 8:30pm
214,1:00pm - 4:45pm
215,1:00pm - 4:45pm
216,12:30pm - 1:45pm
217,2:00pm - 2:50pm
218,3:00pm - 3:50pm
219,4:00pm - 4:50pm
220,2:00pm - 2:50pm
221,4:00pm - 4:50pm
222,1:00pm - 2:30pm
223,1:00pm - 2:30pm
224,1:00pm - 2:30pm
225,1:00pm - 2:30pm
226,1:00pm - 2:30pm
227,1:00pm - 2:30pm
228,1:00pm - 2:30pm
229,1:00pm - 2:30pm
230,1:00pm - 2:30pm
231,1:00pm - 2:30pm
232,1:00pm - 2:30pm
233,1:00pm - 2:30pm
234,1:00pm - 2:30pm
240,10:00am - 10:50am
241,5:00pm - 5:50pm
242,11:00am - 11:50am
243,2:00pm - 2:50pm
244,1:00pm - 1:50pm
245,1:00pm - 1:50pm
246,11:00am - 11:50am
247,2:00pm - 2:50pm
248,1:00pm - 1:50pm
249,5:00pm - 5:50pm
250,1:00pm - 3:30pm
251,9:00am - 11:30am
252,6:00pm - 8:30pm
253,1:00pm - 3:30pm
254,9:30am - 12:00pm
255,11:00am - 12:15pm
256,9:00am - 9:50am
257,9:00am - 9:50am
258,10:00am - 10:50am
259,11:00am - 11:50am
260,5:00pm - 5:50pm
261,4:00pm - 4:50pm
262,5:00pm - 5:50pm
263,10:00am - 10:50am
264,3:30pm - 4:20pm
265,9:30am - 10:45am
266,2:00pm - 3:15pm
267,11:00am - 12:15pm
268,10:00am - 10:50am
269,11:00am - 11:50am
270,11:00am - 11:50am
271,2:00pm - 3:15pm
272,2:00pm - 3:15pm
273,12:30pm - 1:45pm
274,3:30pm - 6:00pm
275,3:30pm - 4:45pm
276,11:00am - 12:15pm
277,12:30pm - 1:45pm
278,2:00pm - 3:15pm
279,2:00pm - 3:15pm
280,2:00pm - 3:15pm
281,1:00pm - 3:30pm
282,4:00pm - 4:50pm
283,3:30pm - 6:00pm
284,9:30am - 12:00pm
285,12:30pm - 3:00pm
286,1:00pm - 3:30pm
287,11:00am - 12:15pm
288,3:00pm - 5:30pm
289,9:00am - 11:30am
290,12:30pm - 3:00pm
291,9:00am - 11:30am
292,12:30pm - 1:45pm
293,3:30pm - 6:00pm
294,3:30pm - 6:00pm
295,9:00am - 11:30am
296,9:00am - 11:30am
297,9:00am - 11:30am
298,3:30pm - 6:00pm
299,9:00am - 11:30am
300,12:30pm - 3:00pm
301,9:00am - 11:30am
302,12:30pm - 3:00pm
303,3:30pm - 6:00pm
304,9:00am - 11:30am
305,9:00am - 11:30am
306,12:30pm - 3:00pm
307,12:30pm - 3:00pm
308,12:30pm - 3:00pm
309,12:30pm - 3:00pm
310,3:30pm - 6:00pm
311,3:30pm - 4:45pm
312,12:30pm - 3:00pm
313,3:30pm - 6:00pm
314,9:00am - 11:30am
315,12:30pm - 3:00pm
316,12:30pm - 3:00pm
317,3:30pm - 6:00pm
318,9:00am - 2:00pm
319,12:30pm - 3:00pm
320,3:30pm - 6:00pm
321,9:00am - 11:30am
322,9:00am - 9:50am
323,11:00am - 11:50am
324,12:00pm - 12:50pm
325,3:00pm - 3:50pm
326,7:00pm - 8:15pm
327,5:15pm - 6:30pm
328,5:15pm - 6:30pm
329,7:00pm - 8:15pm
330,11:00am - 11:50am
331,12:00pm - 12:50pm
332,2:00pm - 2:50pm
333,1:00pm - 1:50pm
334,3:30pm - 4:45pm
336,10:00am - 10:50am
337,3:30pm - 4:45pm
338,2:00pm - 3:15pm
339,10:00am - 10:50am
340,12:00pm - 12:50pm
341,3:30pm - 4:45pm
342,9:00am - 9:50am
343,7:00pm - 8:00pm
344,11:00am - 11:50am
345,3:00pm - 3:50pm
346,11:00am - 12:15pm
347,9:00pm - 11:00pm
348,9:00pm - 11:00pm
349,9:30am - 10:45am
350,2:00pm - 3:15pm
351,12:30pm - 1:45pm
352,2:00pm - 4:50pm
353,12:30pm - 1:45pm
354,3:00pm - 5:00pm
355,3:00pm - 5:00pm
356,2:00pm - 4:30pm
357,2:00pm - 4:30pm
358,2:00pm - 4:30pm
359,5:30pm - 8:00pm
360,5:30pm - 8:00pm
361,5:30pm - 8:00pm
362,10:00am - 12:30pm
363,10:00am - 12:30pm
364,10:00am - 12:30pm
365,2:00pm - 4:30pm
366,2:00pm - 4:30pm
367,2:00pm - 4:30pm
368,5:30pm - 8:00pm
369,5:30pm - 8:00pm
370,5:30pm - 8:00pm
371,10:00am - 12:30pm
372,10:00am - 12:30pm
373,10:00am - 12:30pm
374,2:00pm - 4:30pm
375,2:00pm - 4:30pm
376,2:00pm - 4:30pm
377,5:30pm - 8:00pm
378,5:30pm - 8:00pm
379,5:30pm - 8:00pm
380,10:00am - 12:30pm
381,10:00am - 12:30pm
382,10:00am - 12:30pm
383,2:00pm - 4:30pm
384,2:00pm - 4:30pm
385,2:00pm - 4:30pm
386,5:30pm - 8:00pm
387,5:30pm - 8:00pm
388,5:30pm - 8:00pm
389,7:00pm - 9:00pm
390,7:15pm - 9:15pm
391,5:00pm - 7:00pm
392,9:00am - 9:50am
393,5:00pm - 7:00pm
394,11:00am - 11:50am
395,9:30am - 10:45am
396,12:00pm - 12:50pm
397,10:00am - 10:50am
398,12:30pm - 1:45pm
399,9:00am - 12:00pm
400,9:00am - 12:00pm
401,9:00am - 12:00pm
402,2:00pm - 5:00pm
403,2:00pm - 5:00pm
404,2:00pm - 5:00pm
405,2:00pm - 5:00pm
406,2:00pm - 5:00pm
407,9:00am - 12:00pm
408,2:00pm - 5:00pm
409,3:30pm - 4:45pm
410,2:00pm - 5:00pm
411,2:00pm - 5:00pm
412,6:00pm - 9:00pm
413,6:00pm - 9:00pm
414,9:00am - 12:00pm
415,6:00pm - 9:00pm
416,2:00pm - 5:00pm
417,2:00pm - 5:00pm
418,6:00pm - 9:00pm
419,9:00am - 12:00pm
420,6:00pm - 9:00pm
421,1:00pm - 4:00pm
422,11:00am - 12:15pm
423,2:00pm - 2:50pm
424,3:00pm - 6:00pm
425,3:00pm - 6:00pm
426,11:00am - 12:15pm
427,11:00am - 12:15pm
428,12:30pm - 1:45pm
429,9:30am - 10:45am
430,2:00pm - 4:00pm
431,11:00am - 12:15pm
432,7:00pm - 8:30pm
433,12:00pm - 12:50pm
434,3:30pm - 4:45pm
435,11:00am - 12:15pm
436,12:30pm - 1:45pm
437,2:00pm - 3:15pm
438,9:30am - 10:45am
439,12:30pm - 1:45pm
440,8:30am - 10:50am
441,11:00am - 11:50am
442,2:00pm - 6:00pm
443,2:00pm - 6:00pm
444,2:00pm - 6:00pm
445,9:30am - 10:45am
446,12:30pm - 1:45pm
447,3:30pm - 6:30pm
448,11:00am - 12:15pm
450,2:00pm - 3:15pm
451,3:30pm - 4:45pm
452,2:00pm - 3:15pm
454,2:00pm - 2:50pm
456,11:00am - 12:15pm
457,10:00am - 11:50am
458,12:00pm - 1:50pm
459,3:00pm - 4:50pm
460,6:00pm - 8:00pm
461,6:30pm - 8:30pm
462,2:00pm - 3:15pm
463,2:00pm - 3:15pm
464,12:00pm - 12:50pm
465,12:30pm - 1:45pm
466,2:00pm - 3:15pm
467,3:30pm - 4:45pm
468,2:00pm - 3:15pm
469,9:30am - 10:45am
470,3:30pm - 4:45pm
471,3:30pm - 4:45pm
472,6:00pm - 8:30pm
473,1:00pm - 1:50pm
474,10:00am - 10:50am
475,9:00am - 9:50am
476,9:30am - 10:45am
477,10:00am - 10:50am
478,3:30pm - 4:45pm
479,10:00am - 10:50am
480,2:00pm - 6:00pm
481,2:00pm - 6:00pm
482,2:00pm - 3:15pm
483,2:00pm - 3:15pm
484,2:00pm - 3:15pm
485,12:30pm - 1:45pm
486,12:30pm - 1:45pm
487,8:30am - 9:45am
488,3:30pm - 4:45pm
489,12:30pm - 1:45pm
490,12:30pm - 1:45pm
491,9:30am - 10:45am
492,9:30am - 10:45am
493,2:00pm - 3:15pm
494,9:30am - 10:45am
495,3:30pm - 4:45pm
496,3:30pm - 4:45pm
497,5:00pm - 6:15pm
498,12:30pm - 1:45pm
499,3:30pm - 4:45pm
500,3:30pm - 4:45pm
501,5:00pm - 6:15pm
502,8:00am - 9:15am
503,2:00pm - 5:00pm
504,2:00pm - 5:00pm
505,2:00pm - 5:00pm
506,2:00pm - 5:00pm
507,2:00pm - 5:00pm
508,9:30am - 12:30pm
509,9:30am - 12:30pm
510,9:30am - 12:30pm
511,9:30am - 12:30pm
512,9:30am - 12:30pm
513,2:00pm - 5:00pm
514,2:00pm - 5:00pm
515,2:00pm - 5:00pm
516,2:00pm - 5:00pm
517,2:00pm - 5:00pm
518,9:00am - 12:00pm
519,9:00am - 12:00pm
520,9:00am - 12:00pm
521,9:00am - 12:00pm
522,9:00am - 12:00pm
523,2:00pm - 5:00pm
524,2:00pm - 5:00pm
525,2:00pm - 5:00pm
526,2:00pm - 5:00pm
527,2:00pm - 5:00pm
528,9:30am - 12:30pm
529,9:30am - 12:30pm
530,9:30am - 12:30pm
531,9:30am - 12:30pm
532,9:30am - 12:30pm
533,2:00pm - 5:00pm
534,2:00pm - 5:00pm
535,2:00pm - 5:00pm
536,2:00pm - 5:00pm
537,2:00pm - 5:00pm
538,2:00pm - 5:00pm
539,2:00pm - 5:00pm
540,2:00pm - 5:00pm
541,2:00pm - 5:00pm
542,2:00pm - 5:00pm
543,9:30am - 10:45am
544,8:00am - 9:15am
545,3:30pm - 5:30pm
546,11:00am - 12:15pm
547,9:00am - 1:00pm
548,2:00pm - 6:00pm
549,2:00pm - 6:00pm
550,2:00pm - 6:00pm
551,2:00pm - 6:00pm
552,9:00am - 12:00pm
553,9:00am - 12:00pm
554,2:00pm - 5:00pm
555,2:00pm - 5:00pm
556,9:30am - 12:30pm
557,9:30am - 12:30pm
558,2:00pm - 5:00pm
559,2:00pm - 5:00pm
560,9:00am - 12:00pm
561,9:00am - 12:00pm
562,2:00pm - 5:00pm
563,2:00pm - 5:00pm
564,9:30am - 12:30pm
565,9:30am - 12:30pm
566,2:00pm - 5:00pm
567,2:00pm - 5:00pm
568,9:00am - 12:00pm
569,9:00am - 12:00pm
570,2:00pm - 5:00pm
571,2:00pm - 5:00pm
572,2:00pm - 3:15pm
573,6:30pm - 8:30pm
574,12:00pm - 12:50pm
575,6:30pm - 8:30pm
576,2:00pm - 2:50pm
577,6:30pm - 8:30pm
578,2:00pm - 3:15pm
579,6:30pm - 8:30pm
580,2:00pm - 2:50pm
581,8:00am - 12:00pm
582,2:00pm - 6:00pm
583,8:00am - 12:00pm
584,2:00pm - 6:00pm
585,8:00am - 12:00pm
586,2:00pm - 6:00pm
587,8:00am - 12:00pm
588,2:00pm - 6:00pm
589,8:00am - 12:00pm
590,11:00am - 11:50am
591,7:00pm - 10:00pm
592,11:00am - 11:50am
593,6:00pm - 7:30pm
594,2:00pm - 3:15pm
595,2:00pm - 6:00pm
596,2:00pm - 6:00pm
597,2:00pm - 6:00pm
598,2:00pm - 6:00pm
601,2:00pm - 3:15pm
602,12:30pm - 1:45pm
603,2:00pm - 6:00pm
604,2:00pm - 6:00pm
605,2:00pm - 6:00pm
606,2:00pm - 6:00pm
607,2:00pm - 2:50pm
608,10:00am - 1:00pm
609,9:30am - 12:30pm
610,11:00am - 12:15pm
611,6:30pm - 8:30pm
612,8:00am - 9:15am
613,9:00am - 9:50am
614,9:00am - 9:50am
615,10:00am - 10:50am
616,11:00am - 11:50am
617,12:00pm - 12:50pm
618,1:00pm - 1:50pm
619,11:00am - 11:50am
620,9:00am - 9:50am
621,10:00am - 10:50am
622,11:00am - 11:50am
623,1:00pm - 1:50pm
624,10:00am - 10:50am
625,1:00pm - 1:50pm
626,11:00am - 11:50am
627,12:00pm - 12:50pm
628,2:00pm - 2:50pm
630,10:00am - 10:50am
631,11:00am - 11:50am
632,2:00pm - 2:50pm
633,1:00pm - 1:50pm
634,9:30am - 10:45am
635,2:00pm - 3:15pm
636,3:30pm - 4:45pm
637,12:30pm - 1:45pm
638,12:30pm - 1:45pm
639,10:00am - 10:50am
640,11:00am - 11:50am
641,3:00pm - 3:50pm
642,2:00pm - 2:50pm
643,10:00am - 10:50am
644,8:30am - 9:20am
645,9:30am - 10:20am
646,2:00pm - 2:50pm
647,9:00am - 9:50am
648,2:00pm - 2:50pm
649,10:00am - 10:50am
650,12:00pm - 12:50pm
651,1:00pm - 1:50pm
652,3:00pm - 3:50pm
653,2:00pm - 3:15pm
654,1:00pm - 1:50pm
655,2:00pm - 2:50pm
676,11:00am - 12:15pm
677,2:00pm - 3:15pm
678,3:30pm - 4:45pm
679,7:00pm - 10:00pm
680,7:00pm - 10:00pm
681,7:00pm - 10:00pm
682,7:00pm - 10:00pm
683,9:30am - 10:45am
684,8:00am - 9:15am
685,9:30am - 12:15pm
686,2:00pm - 4:45pm
687,9:30am - 12:15pm
688,2:00pm - 4:45pm
689,11:00am - 12:15pm
690,3:30pm - 4:45pm
691,9:30am - 10:45am
692,2:00pm - 3:15pm
693,9:30am - 12:15pm
694,2:00pm - 4:45pm
695,9:30am - 12:15pm
696,2:00pm - 4:45pm
697,11:00am - 12:15pm
698,3:30pm - 4:45pm
699,9:30am - 10:45am
700,2:00pm - 3:15pm
701,11:00am - 12:15pm
702,2:00pm - 3:15pm
703,9:30am - 10:45am
704,12:30pm - 1:45pm
705,2:00pm - 3:15pm
706,9:30am - 10:45am
707,12:30pm - 1:45pm
708,2:00pm - 3:15pm
709,12:30pm - 1:45pm
710,9:30am - 10:45am
711,11:00am - 12:15pm
712,2:00pm - 3:15pm
713,11:00am - 12:15pm
714,12:30pm - 1:45pm
715,9:30am - 10:45am
716,2:00pm - 3:15pm
717,3:30pm - 4:45pm
718,3:30pm - 4:45pm
719,11:00am - 12:15pm
720,12:30pm - 1:45pm
721,12:30pm - 1:45pm
722,11:00am - 12:15pm
723,12:30pm - 1:45pm
724,3:30pm - 4:45pm
725,8:00am - 10:45am
726,11:00am - 1:45pm
727,9:30am - 10:45am
728,12:30pm - 1:45pm
729,3:30pm - 6:15pm
730,11:00am - 12:15pm
731,12:30pm - 1:45pm
732,2:00pm - 3:15pm
733,9:30am - 12:15pm
734,2:00pm - 4:45pm
735,11:00am - 12:15pm
736,11:00am - 12:15pm
737,11:00am - 12:15pm
738,2:00pm - 3:15pm
739,3:30pm - 4:45pm
740,2:00pm - 3:15pm
741,9:30am - 12:15pm
742,11:00am - 12:15pm
743,12:30pm - 1:45pm
744,3:30pm - 6:15pm
745,3:30pm - 6:00pm
746,3:30pm - 6:00pm
747,12:30pm - 1:45pm
748,2:00pm - 3:15pm
749,9:30am - 10:45am
750,11:00am - 12:15pm
751,12:30pm - 1:45pm
752,2:00pm - 3:15pm
753,11:00am - 12:15pm
754,12:30pm - 1:45pm
755,12:30pm - 1:45pm
756,9:30am - 10:45am
757,3:30pm - 6:15pm
758,2:00pm - 4:45pm
759,11:00am - 12:15pm
760,9:30am - 10:45am
761,11:00am - 12:15pm
762,12:30pm - 1:45pm
763,2:00pm - 3:15pm
764,2:00pm - 3:15pm
765,2:00pm - 4:45pm
766,3:30pm - 6:00pm
767,3:30pm - 6:00pm
768,12:30pm - 1:45pm
769,2:00pm - 4:45pm
770,3:30pm - 5:15pm
773,12:30pm - 1:45pm
776,3:30pm - 4:45pm
777,2:00pm - 2:50pm
778,12:00pm - 12:50pm
779,10:00am - 10:50am
780,9:30am - 10:45am
781,11:00am - 12:15pm
782,12:30pm - 1:45pm
783,2:00pm - 3:15pm
784,3:30pm - 4:45pm
785,5:00pm - 6:15pm
786,6:30pm - 7:45pm
787,2:00pm - 3:15pm
788,2:00pm - 3:15pm
789,11:00am - 11:50am
790,10:00am - 10:50am
791,3:30pm - 4:45pm
792,5:00pm - 6:45pm
793,7:00pm - 8:45pm
794,9:00am - 9:50am
795,5:00pm - 6:45pm
796,7:00pm - 8:45pm
797,12:30pm - 1:45pm
798,2:00pm - 3:15pm
799,10:00am - 10:50am
802,5:00pm - 6:15pm
803,6:30pm - 7:45pm
804,12:00pm - 12:50pm
805,1:00pm - 1:50pm
806,9:30am - 10:45am
807,11:00am - 12:15pm
808,12:30pm - 1:45pm
809,2:00pm - 3:15pm
810,3:30pm - 4:45pm
811,5:00pm - 6:15pm
812,6:30pm - 7:45pm
814,3:30pm - 4:45pm
815,5:00pm - 6:15pm
816,3:30pm - 4:45pm
817,11:00am - 12:15pm
818,2:00pm - 3:15pm
820,1:00pm - 1:50pm
821,11:00am - 12:15pm
822,2:00pm - 3:15pm
823,5:00pm - 6:15pm
825,3:30pm - 4:45pm
826,12:30pm - 1:45pm
827,6:30pm - 7:45pm
828,5:00pm - 6:15pm
829,11:00am - 12:15pm
830,9:00am - 9:50am
831,12:00pm - 12:50pm
832,2:00pm - 3:15pm
833,3:30pm - 4:45pm
834,12:30pm - 1:45pm
835,3:30pm - 4:45pm
836,3:30pm - 4:45pm
837,9:30am - 10:45am
838,2:00pm - 3:15pm
839,9:30am - 10:45am
840,1:00pm - 1:50pm
841,12:30pm - 1:45pm
842,3:30pm - 4:45pm
843,3:30pm - 4:45pm
844,12:30pm - 1:45pm
845,3:30pm - 4:45pm
847,3:30pm - 4:45pm
848,2:00pm - 3:15pm
849,9:30am - 10:45am
850,11:00am - 11:50am
851,10:00am - 10:50am
853,11:00am - 12:15pm
854,4:00pm - 5:30pm
855,2:00pm - 3:15pm
857,3:30pm - 4:45pm
858,2:00pm - 3:15pm
859,3:30pm - 4:45pm
860,2:00pm - 3:15pm
861,9:30am - 10:45am
862,11:00am - 12:15pm
863,12:30pm - 1:45pm
864,2:00pm - 3:15pm
865,2:00pm - 3:15pm
866,2:00pm - 3:15pm
867,9:30am - 10:45am
868,11:00am - 12:15pm
869,3:30pm - 4:45pm
870,3:30pm - 4:45pm
871,3:30pm - 4:45pm
872,3:30pm - 4:45pm
873,3:30pm - 4:45pm
874,3:30pm - 4:45pm
875,3:30pm - 4:45pm
876,3:30pm - 4:45pm
877,11:00am - 12:15pm
878,2:00pm - 5:00pm
879,2:00pm - 5:00pm
880,2:00pm - 5:00pm
881,2:00pm - 5:00pm
883,11:00am - 11:50am
884,2:00pm - 5:00pm
885,2:00pm - 5:00pm
886,2:00pm - 5:00pm
887,2:00pm - 5:00pm
889,9:30am - 10:45am
890,2:00pm - 5:00pm
891,2:00pm - 5:00pm
892,2:00pm - 5:00pm
893,2:00pm - 5:00pm
894,2:00pm - 5:00pm
897,9:30am - 10:45am
898,9:30am - 10:45am
899,11:00am - 12:15pm
902,2:00pm - 3:15pm
903,1:00pm - 1:50pm
904,12:30pm - 1:45pm
905,11:00am - 12:15pm
906,9:30am - 10:45am
908,12:30pm - 1:45pm
909,3:30pm - 4:45pm
910,2:00pm - 3:15pm
915,11:00am - 12:15pm
916,11:00am - 12:15pm
917,2:00pm - 3:15pm
918,3:30pm - 6:00pm
919,2:00pm - 3:15pm
920,11:00am - 12:15pm
921,3:30pm - 4:45pm
922,3:30pm - 6:00pm
923,4:00pm - 4:50pm
924,7:00pm - 7:50pm
925,9:00am - 9:50am
926,9:00am - 9:50am
927,9:30am - 10:45am
928,11:00am - 11:50am
929,3:30pm - 4:45pm
930,5:00pm - 6:15pm
931,3:30pm - 4:45pm
932,5:00pm - 6:15pm
933,6:30pm - 7:45pm
934,9:00am - 10:50am
935,11:00am - 1:45pm
936,10:00am - 10:50am
937,11:00am - 1:45pm
938,1:00pm - 4:00pm
939,12:00pm - 3:00pm
940,11:00am - 12:15pm
941,5:00pm - 6:15pm
942,2:00pm - 4:45pm
943,11:00am - 12:15pm
944,5:00pm - 7:30pm
945,9:00am - 10:50am
946,9:00am - 10:50am
947,11:00am - 12:15pm
948,11:00am - 1:50pm
949,3:30pm - 4:45pm
950,11:00am - 12:15pm
951,3:30pm - 4:45pm
952,2:00pm - 3:15pm
953,3:30pm - 4:45pm
954,3:30pm - 4:45pm
955,12:30pm - 1:45pm
956,12:30pm - 1:45pm
957,3:30pm - 4:45pm
958,7:00pm - 7:50pm
959,9:00am - 9:50am
960,10:00am - 10:50am
961,7:00pm - 7:50pm
962,5:00pm - 5:50pm
963,6:00pm - 6:50pm
964,10:00am - 10:50am
965,12:00pm - 12:50pm
966,11:00am - 11:50am
967,6:00pm - 6:50pm
968,8:00pm - 8:50pm
969,7:00pm - 7:50pm
970,6:00pm - 6:50pm
971,7:00pm - 7:50pm
972,6:00pm - 6:50pm
973,8:00am - 8:50am
974,9:00am - 9:50am
975,7:00pm - 7:50pm
976,8:00pm - 8:50pm
977,5:00pm - 5:50pm
978,10:00am - 10:50am
979,8:00pm - 8:50pm
980,5:00pm - 5:50pm
981,6:00pm - 6:50pm
982,5:00pm - 5:50pm
983,6:00pm - 6:50pm
984,8:00pm - 8:50pm
985,6:00pm - 6:50pm
986,7:00pm - 7:50pm
987,11:00am - 12:15pm
988,12:30pm - 1:45pm
989,8:30am - 9:20am
990,5:00pm - 5:50pm
991,2:00pm - 2:50pm
992,8:30am - 9:20am
993,8:30am - 9:20am
994,9:00am - 9:50am
995,6:00pm - 6:50pm
996,8:30am - 9:20am
997,9:00am - 9:50am
998,6:00pm - 6:50pm
999,4:00pm - 4:50pm
1000,2:00pm - 2:50pm
1001,8:30am - 9:20am
1002,7:00pm - 7:50pm
1003,2:00pm - 2:50pm
1004,8:00pm - 8:50pm
1005,8:30am - 9:20am
1006,8:00am - 8:50am
1007,5:00pm - 5:50pm
1008,5:00pm - 5:50pm
1009,6:00pm - 6:50pm
1010,4:00pm - 4:50pm
1011,7:00pm - 7:50pm
1012,8:30am - 9:20am
1013,3:00pm - 3:50pm
1014,2:00pm - 2:50pm
1015,6:00pm - 6:50pm
1016,5:00pm - 5:50pm
1017,7:00pm - 7:50pm
1018,5:00pm - 5:50pm
1019,7:00pm - 7:50pm
1020,6:00pm - 6:50pm
1021,2:00pm - 2:50pm
1022,8:00am - 8:50am
1023,7:00pm - 7:50pm
1024,8:00am - 8:50am
1025,4:00pm - 4:50pm
1026,12:00pm - 12:50pm
1027,12:00pm - 12:50pm
1028,1:00pm - 1:50pm
1029,9:00am - 9:50am
1030,11:00am - 11:50am
1031,8:00am - 8:50am
1032,8:30am - 9:20am
1033,7:00pm - 7:50pm
1034,7:00pm - 7:50pm
1035,11:00am - 11:50am
1036,1:00pm - 1:50pm
1037,1:00pm - 1:50pm
1038,3:00pm - 3:50pm
1039,5:00pm - 6:15pm
1040,5:00pm - 6:15pm
1041,3:30pm - 4:45pm
1042,8:00am - 8:50am
1043,9:00am - 9:50am
1044,10:00am - 10:50am
1045,9:00am - 9:50am
1046,7:00pm - 7:50pm
1047,8:00pm - 8:50pm
1048,9:30am - 10:45am
1049,12:00pm - 12:50pm
1050,1:00pm - 1:50pm
1051,2:00pm - 2:50pm
1052,3:00pm - 3:50pm
1053,11:00am - 12:15pm
1054,8:00am - 8:50am
1055,9:00am - 9:50am
1056,10:00am - 10:50am
1057,11:00am - 11:50am
1058,8:30am - 9:45am
1059,2:00pm - 3:15pm
1060,4:00pm - 4:50pm
1061,5:00pm - 5:50pm
1062,6:00pm - 6:50pm
1063,5:00pm - 5:50pm
1064,5:00pm - 5:50pm
1065,6:00pm - 6:50pm
1066,7:00pm - 7:50pm
1067,8:00pm - 8:50pm
1068,12:30pm - 1:45pm
1069,8:00pm - 8:50pm
1070,6:00pm - 6:50pm
1071,7:00pm - 7:50pm
1072,8:00pm - 8:50pm
1073,1:00pm - 1:50pm
1074,5:00pm - 5:50pm
1075,6:00pm - 6:50pm
1076,7:00pm - 7:50pm
1077,12:30pm - 1:45pm
1078,5:00pm - 5:50pm
1079,6:00pm - 6:50pm
1080,7:00pm - 7:50pm
1081,11:00am - 12:15pm
1082,8:00am - 8:50am
1083,9:00am - 9:50am
1084,10:00am - 10:50am
1085,10:00am - 10:50am
1086,6:00pm - 6:50pm
1087,7:00pm - 7:50pm
1088,8:00pm - 8:50pm
1089,3:30pm - 4:45pm
1090,5:00pm - 5:50pm
1091,6:00pm - 6:50pm
1092,2:00pm - 3:15pm
1093,6:00pm - 6:50pm
1094,7:00pm - 7:50pm
1095,8:00am - 8:50am
1096,9:00am - 9:50am
1097,3:30pm - 4:45pm
1098,8:00am - 8:50am
1099,9:00am - 9:50am
1100,7:00pm - 7:50pm
1101,8:00pm - 8:50pm
1102,5:00pm - 6:15pm
1103,8:00am - 8:50am
1104,9:00am - 9:50am
1105,10:00am - 10:50am
1106,11:00am - 11:50am
1107,3:30pm - 4:45pm
1108,6:00pm - 6:50pm
1109,7:00pm - 7:50pm
1110,7:00pm - 7:50pm
1111,6:00pm - 6:50pm
1112,3:30pm - 4:45pm
1113,5:00pm - 5:50pm
1114,6:00pm - 6:50pm
1115,12:30pm - 1:45pm
1116,2:00pm - 3:15pm
1117,2:00pm - 3:15pm
1118,2:00pm - 3:15pm
1119,9:30am - 10:45am
1120,12:30pm - 1:45pm
1121,3:30pm - 4:45pm
1122,3:30pm - 4:45pm
1123,12:00pm - 12:50pm
1124,1:00pm - 1:50pm
1125,2:00pm - 2:50pm
1126,2:00pm - 3:15pm
1127,3:30pm - 4:45pm
1128,9:30am - 10:45am
1129,8:00am - 10:30am
1130,9:30am - 10:45am
1131,3:30pm - 4:45pm
1132,5:00pm - 6:15pm
1133,5:00pm - 5:50pm
1134,6:00pm - 6:50pm
1135,7:00pm - 7:50pm
1136,3:30pm - 4:45pm
1137,5:00pm - 5:50pm
1138,6:00pm - 6:50pm
1139,7:00pm - 7:50pm
1140,8:00pm - 8:50pm
1141,8:30am - 9:45am
1142,9:30am - 10:45am
1143,9:30am - 10:45am
1144,11:00am - 12:15pm
1145,8:00am - 8:50am
1146,9:00am - 9:50am
1147,10:00am - 10:50am
1148,11:00am - 11:50am
1149,5:00pm - 6:15pm
1150,9:00am - 9:50am
1151,10:00am - 10:50am
1152,2:00pm - 3:15pm
1153,3:30pm - 4:45pm
1154,5:00pm - 5:50pm
1155,6:00pm - 6:50pm
1156,2:00pm - 4:30pm
1157,3:30pm - 4:45pm
1158,7:00pm - 7:50pm
1159,6:00pm - 6:50pm
1160,8:00am - 9:15am
1161,8:00am - 8:50am
1162,9:00am - 9:50am
1163,12:30pm - 1:45pm
1164,3:00pm - 5:30pm
1165,11:00am - 12:15pm
1166,3:30pm - 4:45pm
1167,6:30pm - 9:00pm
1168,3:30pm - 6:00pm
1169,9:30am - 10:45am
1170,3:30pm - 6:00pm
1171,4:00pm - 5:00pm
1172,4:00pm - 5:00pm
1173,11:00am - 12:15pm
1174,12:30pm - 1:45pm
1175,9:30am - 10:45am
1176,3:30pm - 6:00pm
1177,12:30pm - 1:45pm
1178,2:00pm - 3:15pm
1179,11:00am - 12:15pm
1180,3:30pm - 6:00pm
1181,5:00pm - 6:15pm
1182,11:00am - 12:15pm
1183,12:30pm - 1:45pm
1184,2:00pm - 3:15pm
1185,3:30pm - 6:00pm
1186,5:00pm - 7:30pm
1188,2:00pm - 3:15pm
1189,3:30pm - 6:00pm
1191,2:00pm - 3:15pm
1193,3:30pm - 6:00pm
1194,12:30pm - 1:45pm
1202,2:00pm - 3:15pm
1203,4:30pm - 7:00pm
1206,12:30pm - 1:45pm
1210,2:00pm - 3:15pm
1211,2:00pm - 3:15pm
1212,2:00pm - 3:15pm
1213,2:00pm - 4:30pm
1214,6:30pm - 9:00pm
1215,11:00am - 12:15pm
1220,3:30pm - 6:00pm
1221,9:30am - 10:45am
1222,11:00am - 12:15pm
1223,6:30pm - 9:00pm
1224,3:30pm - 6:00pm
1226,3:30pm - 6:00pm
1227,5:00pm - 7:30pm
1230,3:30pm - 6:00pm
1231,9:30am - 10:45am
1232,3:30pm - 4:45pm
1233,2:00pm - 3:15pm
1234,9:30am - 10:45am
1235,2:00pm - 3:15pm
1236,3:30pm - 6:00pm
1237,2:00pm - 3:15pm
1238,10:00am - 10:50am
1239,9:30am - 10:45am
1240,3:30pm - 6:00pm
1241,11:00am - 12:15pm
1242,2:00pm - 3:15pm
1243,2:00pm - 3:15pm
1244,2:00pm - 3:15pm
1245,3:30pm - 6:00pm
1246,3:30pm - 4:45pm
1247,2:00pm - 4:30pm
1248,3:30pm - 6:00pm
1249,3:30pm - 4:45pm
1250,2:00pm - 3:15pm
1251,12:30pm - 1:45pm
1252,9:30am - 10:45am
1253,9:30am - 10:45am
1254,5:00pm - 6:15pm
1255,11:00am - 12:15pm
1256,9:30am - 10:45am
1257,9:30am - 10:45am
1258,2:00pm - 3:15pm
1259,3:30pm - 4:45pm
1260,5:00pm - 6:15pm
1261,12:30pm - 1:45pm
1262,11:00am - 12:15pm
1263,11:00am - 12:15pm
1264,6:30pm - 7:45pm
1265,9:30am - 10:45am
1266,6:30pm - 7:45pm
1267,12:30pm - 1:45pm
1268,2:00pm - 3:15pm
1269,3:30pm - 4:45pm
1270,5:00pm - 6:15pm
1271,2:00pm - 3:15pm
1272,9:30am - 10:45am
1273,11:00am - 12:15pm
1274,5:00pm - 6:15pm
1275,11:00am - 12:15pm
1276,9:30am - 10:45am
1277,3:30pm - 4:45pm
1278,11:00am - 12:15pm
1279,2:00pm - 3:15pm
1280,3:30pm - 4:45pm
1281,5:00pm - 6:15pm
1282,9:30am - 10:45am
1283,3:30pm - 4:45pm
1284,11:00am - 12:15pm
1285,8:00am - 9:15am
1286,9:30am - 10:45am
1287,12:30pm - 1:45pm
1288,2:00pm - 3:15pm
1289,11:00am - 12:15pm
1290,12:30pm - 1:45pm
1291,3:30pm - 4:45pm
1292,5:00pm - 6:15pm
1293,11:00am - 12:15pm
1294,12:30pm - 1:45pm
1295,8:00am - 9:15am
1296,11:00am - 12:15pm
1297,3:30pm - 4:45pm
1298,9:30am - 10:45am
1299,12:30pm - 1:45pm
1300,5:00pm - 6:15pm
1301,2:00pm - 3:15pm
1302,2:00pm - 3:15pm
1303,5:00pm - 6:15pm
1304,9:30am - 10:45am
1305,5:00pm - 6:15pm
1306,11:00am - 12:15pm
1307,3:30pm - 4:45pm
1308,5:00pm - 6:15pm
1309,8:00am - 9:15am
1310,2:00pm - 3:15pm
1311,9:30am - 10:45am
1312,11:00am - 12:15pm
1313,12:30pm - 1:45pm
1314,12:30pm - 1:45pm
1315,12:30pm - 1:45pm
1316,12:30pm - 1:45pm
1317,3:30pm - 4:45pm
1318,3:00pm - 3:50pm
1319,2:00pm - 3:15pm
1320,11:00am - 12:15pm
1321,3:30pm - 4:45pm
1322,11:00am - 11:50am
1323,9:00am - 9:50am
1324,10:00am - 10:50am
1325,5:00pm - 6:15pm
1326,3:30pm - 4:45pm
1327,6:30pm - 7:45pm
1328,6:00pm - 7:15pm
1329,5:00pm - 6:15pm
1330,1:00pm - 1:50pm
1331,2:00pm - 3:15pm
1332,11:00am - 11:50am
1333,2:00pm - 4:30pm
1334,2:00pm - 4:30pm
1335,2:00pm - 4:30pm
1336,2:00pm - 4:30pm
1337,5:00pm - 6:15pm
1338,5:00pm - 7:30pm
1339,10:00am - 12:30pm
1340,2:00pm - 4:30pm
1341,2:00pm - 4:30pm
1342,2:00pm - 4:30pm
1343,11:00am - 12:15pm
1344,2:00pm - 3:15pm
1345,5:00pm - 6:15pm
1346,9:00am - 9:50am
1347,1:00pm - 1:50pm
1348,2:00pm - 3:15pm
1349,2:00pm - 3:15pm
1350,5:00pm - 6:15pm
1351,3:30pm - 4:45pm
1352,2:00pm - 3:15pm
1353,11:00am - 12:15pm
1354,1:00pm - 1:50pm
1355,9:30am - 10:45am
1356,3:30pm - 4:45pm
1357,2:00pm - 3:15pm
1358,8:00am - 9:15am
1359,3:30pm - 4:45pm
1360,5:00pm - 6:15pm
1361,11:00am - 11:50am
1362,8:00am - 9:15am
1363,5:00pm - 6:15pm
1364,1:00pm - 1:50pm
1365,8:00am - 9:15am
1366,12:30pm - 1:45pm
1367,12:00pm - 12:50pm
1368,8:30am - 9:45am
1369,3:30pm - 4:45pm
1370,10:00am - 11:15am
1371,11:30am - 12:45pm
1372,12:30pm - 1:45pm
1373,5:00pm - 6:15pm
1374,11:00am - 12:15pm
1375,2:00pm - 3:15pm
1376,2:00pm - 3:15pm
1377,3:30pm - 4:45pm
1378,12:30pm - 1:45pm
1379,5:00pm - 6:15pm
1380,6:30pm - 7:45pm
1381,5:00pm - 6:15pm
1382,5:00pm - 6:15pm
1383,6:30pm - 7:45pm
1384,11:00am - 12:15pm
1385,11:00am - 12:15pm
1386,12:30pm - 1:45pm
1387,12:00pm - 12:50pm
1388,4:00pm - 4:50pm
1389,5:00pm - 5:50pm
1390,3:30pm - 4:20pm
1391,4:30pm - 5:20pm
1392,11:00am - 11:50am
1393,12:00pm - 12:50pm
1394,2:00pm - 3:15pm
1395,3:30pm - 4:45pm
1396,2:00pm - 3:15pm
1397,2:00pm - 3:15pm
1398,3:30pm - 4:45pm
1399,12:30pm - 1:45pm
1400,11:00am - 11:50am
1401,4:00pm - 4:50pm
1402,5:00pm - 5:50pm
1403,6:00pm - 6:50pm
1404,5:00pm - 5:50pm
1405,5:00pm - 5:50pm
1406,6:00pm - 6:50pm
1407,4:00pm - 4:50pm
1408,6:00pm - 6:50pm
1409,5:00pm - 5:50pm
1410,6:00pm - 6:50pm
1411,5:00pm - 5:50pm
1412,5:00pm - 5:50pm
1413,1:00pm - 1:50pm
1414,5:00pm - 5:50pm
1415,6:00pm - 6:50pm
1416,4:00pm - 4:50pm
1417,5:00pm - 5:50pm
1418,11:00am - 11:50am
1419,12:00pm - 12:50pm
1420,12:30pm - 1:45pm
1421,10:00am - 10:50am
1422,1:00pm - 1:50pm
1423,3:00pm - 3:50pm
1424,1:00pm - 1:50pm
1425,2:00pm - 2:50pm
1426,12:00pm - 12:50pm
1427,11:00am - 12:15pm
1428,2:00pm - 3:15pm
1429,5:30pm - 8:00pm
1430,3:30pm - 4:45pm
1431,3:30pm - 4:45pm
1432,2:00pm - 3:15pm
1433,3:30pm - 4:45pm
1434,3:30pm - 4:45pm
1435,3:30pm - 6:00pm
1436,3:30pm - 6:00pm
1437,2:00pm - 3:15pm
1438,2:00pm - 3:15pm
1439,5:00pm - 7:30pm
1440,11:00am - 12:15pm
1441,5:00pm - 7:30pm
1442,9:30am - 10:45am
1443,12:30pm - 1:45pm
1445,2:00pm - 3:15pm
1446,11:00am - 12:15pm
1447,8:00am - 8:50am
1448,8:00am - 8:50am
1449,2:00pm - 4:00pm
1453,1:00pm - 1:50pm
1456,2:00pm - 3:15pm
1457,9:30am - 10:45am
1458,11:00am - 12:15pm
1459,12:30pm - 1:45pm
1460,2:00pm - 3:15pm
1461,12:30pm - 1:45pm
1462,12:30pm - 1:45pm
1463,2:00pm - 3:15pm
1464,3:30pm - 4:45pm
1465,12:00pm - 12:50pm
1466,1:00pm - 1:50pm
1467,11:00am - 12:15pm
1468,11:00am - 12:15pm
1469,2:00pm - 3:15pm
1470,3:30pm - 4:45pm
1471,2:00pm - 3:15pm
1472,8:00am - 9:15am
1473,3:30pm - 4:45pm
1474,12:00pm - 12:50pm
1475,3:30pm - 4:45pm
1476,5:00pm - 6:15pm
1477,9:00am - 9:50am
1478,11:00am - 11:50am
1479,12:00pm - 12:50pm
1480,5:00pm - 6:15pm
1481,3:00pm - 3:50pm
1482,12:00pm - 12:50pm
1483,12:00pm - 12:50pm
1484,1:00pm - 1:50pm
1485,3:30pm - 4:45pm
1486,10:00am - 10:50am
1487,5:00pm - 6:15pm
1488,3:30pm - 4:45pm
1489,10:00am - 10:50am
1490,5:00pm - 6:15pm
1491,5:00pm - 6:15pm
1492,3:30pm - 4:45pm
1493,2:00pm - 3:15pm
1494,9:00am - 9:50am
1495,12:30pm - 1:45pm
1496,12:30pm - 1:45pm
1497,9:30am - 10:45am
1498,5:00pm - 6:15pm
1499,5:00pm - 6:15pm
1500,11:00am - 11:50am
1501,11:00am - 11:50am
1502,3:30pm - 4:45pm
1503,12:30pm - 1:45pm
1504,11:00am - 12:15pm
1505,11:00am - 11:50am
1506,3:30pm - 4:45pm
1507,9:30am - 10:45am
1508,9:00am - 9:50am
1509,5:00pm - 6:15pm
1510,5:00pm - 6:15pm
1511,8:00am - 9:15am
1512,3:30pm - 4:45pm
1513,8:00am - 9:15am
1514,11:00am - 11:50am
1515,2:00pm - 3:15pm
1516,3:30pm - 4:45pm
1517,11:00am - 11:50am
1518,2:00pm - 3:15pm
1519,2:00pm - 3:15pm
1520,8:00am - 9:15am
1521,2:00pm - 3:15pm
1522,9:30am - 10:45am
1523,8:00am - 9:15am
1524,8:00am - 9:15am
1525,9:00am - 9:50am
1526,11:00am - 11:50am
1527,1:00pm - 1:50pm
1528,9:30am - 10:45am
1529,10:00am - 10:50am
1530,9:30am - 10:45am
1531,9:30am - 10:45am
1532,9:30am - 10:45am
1533,6:30pm - 7:45pm
1534,6:30pm - 7:45pm
1535,2:00pm - 3:15pm
1536,2:00pm - 3:15pm
1537,6:30pm - 7:45pm
1538,6:30pm - 7:45pm
1539,11:00am - 12:15pm
1540,2:00pm - 3:15pm
1541,5:00pm - 6:15pm
1542,5:00pm - 6:15pm
1543,12:30pm - 1:45pm
1544,2:00pm - 3:15pm
1545,11:00am - 12:15pm
1546,5:00pm - 6:15pm
1547,12:30pm - 1:45pm
1548,11:00am - 12:15pm
1549,6:00pm - 8:30pm
1550,3:30pm - 4:45pm
1551,12:00pm - 12:50pm
1552,1:00pm - 1:50pm
1553,3:30pm - 4:45pm
1554,2:00pm - 3:15pm
1555,11:00am - 11:50am
1556,2:00pm - 3:15pm
1557,8:00am - 9:15am
1558,9:30am - 10:45am
1559,9:00am - 9:50am
1560,10:00am - 10:50am
1561,2:00pm - 3:15pm
1562,2:00pm - 3:15pm
1563,12:30pm - 1:45pm
1564,9:30am - 10:45am
1565,1:00pm - 1:50pm
1566,1:00pm - 1:50pm
1567,2:00pm - 4:30pm
1568,2:00pm - 3:15pm
1569,1:00pm - 1:50pm
1570,12:30pm - 1:45pm
1571,12:30pm - 1:45pm
1572,9:00am - 9:50am
1573,11:00am - 11:50am
1574,2:00pm - 6:00pm
1576,2:00pm - 6:00pm
1578,2:00pm - 6:00pm
1580,2:00pm - 6:00pm
1582,2:00pm - 6:00pm
1584,10:00am - 10:50am
1585,2:00pm - 3:15pm
1586,5:00pm - 9:00pm
1587,5:00pm - 9:00pm
1588,2:00pm - 3:15pm
1589,11:00am - 12:15pm
1590,2:00pm - 6:00pm
1591,2:00pm - 6:00pm
1592,2:00pm - 6:00pm
1593,2:00pm - 6:00pm
1594,2:00pm - 6:00pm
1595,2:00pm - 6:00pm
1596,9:30am - 10:45am
1597,2:00pm - 6:00pm
1598,2:00pm - 6:00pm
1599,2:00pm - 6:00pm
1600,2:00pm - 6:00pm
1601,9:00am - 9:50am
1602,2:00pm - 6:00pm
1603,2:00pm - 6:00pm
1604,2:00pm - 6:00pm
1605,2:00pm - 6:00pm
1606,4:00pm - 4:50pm
1607,12:30pm - 1:45pm
1608,12:30pm - 1:45pm
1609,5:00pm - 7:30pm
1610,11:00am - 12:15pm
1611,12:30pm - 1:45pm
1612,3:30pm - 4:45pm
1613,6:00pm - 7:50pm
1614,12:30pm - 1:45pm
1615,10:00am - 12:30pm
1616,2:00pm - 4:00pm
1617,4:00pm - 5:50pm
1618,10:00am - 10:50am
1619,2:00pm - 3:15pm
1620,12:30pm - 1:45pm
1621,2:00pm - 4:50pm
1622,2:00pm - 4:30pm
1623,2:00pm - 3:15pm
1624,2:00pm - 3:15pm
1625,9:15am - 10:45am
1626,11:00am - 12:15pm
1627,2:00pm - 3:15pm
1628,9:30am - 10:45am
1629,11:00am - 12:15pm
1630,12:30pm - 1:45pm
1631,2:00pm - 3:15pm
1632,11:00am - 12:15pm
1633,9:30am - 10:45am
1634,9:00am - 9:50am
1635,10:00am - 10:50am
1636,11:00am - 11:50am
1637,9:30am - 10:45am
1638,12:30pm - 1:45pm
1639,2:00pm - 3:15pm
1640,9:00am - 9:50am
1641,1:00pm - 1:50pm
1642,2:00pm - 2:50pm
1643,9:30am - 10:45am
1644,11:00am - 12:15pm
1645,12:30pm - 1:45pm
1646,2:00pm - 3:15pm
1648,2:00pm - 3:15pm
1649,11:00am - 12:15pm
1650,11:00am - 11:50am
1651,2:00pm - 3:15pm
1652,3:30pm - 4:45pm
1653,9:30am - 10:45am
1654,9:00am - 9:50am
1655,2:00pm - 3:15pm
1656,3:30pm - 4:45pm
1657,12:30pm - 1:45pm
1658,9:00am - 9:50am
1659,3:30pm - 4:45pm
1660,2:00pm - 3:15pm
1661,2:00pm - 3:15pm
1662,12:30pm - 1:45pm
1663,1:00pm - 1:50pm
1664,2:00pm - 3:15pm
1665,12:30pm - 1:45pm
1666,11:00am - 12:15pm
1667,2:00pm - 3:15pm
1668,3:30pm - 4:45pm
1669,11:00am - 12:15pm
1670,2:00pm - 3:15pm
1671,2:00pm - 3:15pm
1672,5:00pm - 6:45pm
1673,9:30am - 10:45am
1674,11:00am - 12:15pm
1675,9:00am - 9:50am
1676,9:30am - 10:45am
1677,12:30pm - 1:45pm
1678,11:00am - 11:50am
1679,1:00pm - 1:50pm
1680,11:00am - 11:50am
1681,1:00pm - 1:50pm
1682,10:00am - 10:50am
1683,12:00pm - 12:50pm
1684,3:30pm - 4:45pm
1685,2:00pm - 3:15pm
1686,11:00am - 12:15pm
1687,2:00pm - 3:15pm
1688,5:00pm - 6:00pm
1689,4:00pm - 4:50pm
1690,1:00pm - 1:50pm
1691,3:30pm - 4:45pm
1692,3:30pm - 4:45pm
1693,12:30pm - 1:45pm
1694,9:30am - 10:45am
1695,5:00pm - 7:30pm
1696,3:30pm - 4:45pm
1697,3:30pm - 4:45pm
1698,3:30pm - 4:45pm
1700,10:00am - 10:50am
1701,9:30am - 10:45am
1702,11:00am - 12:15pm
1703,1:00pm - 1:50pm
1704,10:00am - 10:50am
1705,11:00am - 12:15pm
1706,11:00am - 11:50am
1707,4:00pm - 4:50pm
1708,5:00pm - 5:50pm
1709,6:00pm - 6:50pm
1710,5:00pm - 5:50pm
1711,5:00pm - 5:50pm
1712,6:00pm - 6:50pm
1713,4:00pm - 4:50pm
1714,6:00pm - 6:50pm
1715,5:00pm - 5:50pm
1716,6:00pm - 6:50pm
1717,5:00pm - 5:50pm
1718,5:00pm - 5:50pm
1719,1:00pm - 1:50pm
1720,5:00pm - 5:50pm
1721,6:00pm - 6:50pm
1722,4:00pm - 4:50pm
1723,5:00pm - 5:50pm
1724,11:00am - 11:50am
1725,12:00pm - 12:50pm
1726,9:30am - 10:45am
1727,11:00am - 12:15pm
1728,9:30am - 12:00pm
1729,2:00pm - 4:30pm
1730,2:00pm - 4:30pm
1731,3:30pm - 6:00pm
1732,3:30pm - 4:45pm
1733,11:00am - 12:15pm
1734,1:00pm - 1:50pm
1735,9:30am - 10:45am
1736,5:00pm - 6:15pm
1737,3:30pm - 6:00pm
1738,12:30pm - 1:45pm
1739,3:15pm - 6:15pm
1740,10:00am - 10:50am
1741,2:00pm - 3:15pm
1742,11:00am - 11:50am
1743,2:00pm - 3:15pm
1744,2:00pm - 3:15pm
1745,3:30pm - 6:00pm
1746,12:30pm - 1:45pm
1747,3:30pm - 4:20pm
1748,2:00pm - 4:30pm
1749,3:30pm - 6:00pm
1750,1:00pm - 1:50pm
1751,4:00pm - 4:50pm
1752,5:00pm - 5:50pm
1753,6:00pm - 6:50pm
1754,9:30am - 10:45am
1755,2:00pm - 3:15pm
1756,3:30pm - 4:45pm
1757,2:00pm - 4:30pm
1758,3:30pm - 6:00pm
1759,2:00pm - 4:30pm
1760,2:00pm - 2:50pm
1761,2:00pm - 2:50pm
1762,11:00am - 11:50am
1763,6:00pm - 6:50pm
1764,1:00pm - 1:50pm
1765,1:00pm - 1:50pm
1766,12:00pm - 12:50pm
1767,9:00am - 9:50am
1768,2:00pm - 3:15pm
1769,12:00pm - 12:50pm
1770,6:00pm - 6:50pm
1771,4:00pm - 4:50pm
1772,7:00pm - 7:50pm
1773,10:00am - 10:50am
1774,11:00am - 11:50am
1775,12:00pm - 12:50pm
1776,1:00pm - 1:50pm
1777,3:00pm - 3:50pm
1778,5:00pm - 5:50pm
1779,6:00pm - 6:50pm
1780,2:00pm - 3:15pm
1781,12:00pm - 12:50pm
1782,6:00pm - 6:50pm
1783,7:00pm - 7:50pm
1784,5:00pm - 5:50pm
1785,3:30pm - 6:00pm
1786,3:30pm - 6:00pm
1787,11:00am - 11:50am
1788,10:00am - 10:50am
1789,11:00am - 11:50am
1790,12:00pm - 12:50pm
1791,2:00pm - 3:15pm
1792,1:00pm - 1:50pm
1793,3:00pm - 3:50pm
1794,5:00pm - 5:50pm
1795,6:00pm - 6:50pm
1796,10:00am - 10:50am
1797,12:00pm - 12:50pm
1798,11:00am - 11:50am
1799,12:30pm - 1:45pm
1800,2:00pm - 4:30pm
1801,11:00am - 12:15pm
1802,3:30pm - 6:00pm
1803,2:00pm - 3:15pm
1804,10:00am - 10:50am
1805,4:00pm - 4:50pm
1806,5:00pm - 5:50pm
1807,6:00pm - 6:50pm
1808,9:00am - 9:50am
1809,2:00pm - 2:50pm
1810,3:00pm - 3:50pm
1811,5:00pm - 5:50pm
1812,10:00am - 10:50am
1813,11:00am - 11:50am
1814,12:00pm - 12:50pm
1815,2:00pm - 4:30pm
1816,9:30am - 10:45am
1817,2:00pm - 4:30pm
1818,5:00pm - 7:30pm
1819,5:00pm - 7:30pm
1820,4:00pm - 6:30pm
1821,10:00am - 10:50am
1822,2:00pm - 2:50pm
1823,6:00pm - 6:50pm
1824,5:00pm - 5:50pm
1825,12:00pm - 12:50pm
1826,7:00pm - 7:50pm
1827,6:00pm - 6:50pm
1828,5:00pm - 5:50pm
1829,2:00pm - 3:15pm
1830,12:00pm - 12:50pm
1831,10:00am - 10:50am
1832,12:00pm - 12:50pm
1833,1:00pm - 1:50pm
1834,9:00am - 9:50am
1835,9:00am - 9:50am
1836,7:00pm - 7:50pm
1837,6:00pm - 6:50pm
1838,10:00am - 10:50am
1839,11:00am - 11:50am
1840,12:00pm - 12:50pm
1841,1:00pm - 1:50pm
1842,12:00pm - 12:50pm
1843,1:00pm - 1:50pm
1844,7:00pm - 7:50pm
1845,10:00am - 10:50am
1846,11:00am - 11:50am
1847,12:00pm - 12:50pm
1848,1:00pm - 1:50pm
1849,11:00am - 11:50am
1850,6:00pm - 6:50pm
1851,7:00pm - 7:50pm
1852,9:30am - 10:45am
1853,11:00am - 12:15pm
1854,12:00pm - 12:50pm
1855,9:00am - 9:50am
1856,6:00pm - 6:50pm
1857,7:00pm - 7:50pm
1858,1:00pm - 1:50pm
1859,1:00pm - 1:50pm
1860,12:00pm - 12:50pm
1861,6:00pm - 8:30pm
1862,12:00pm - 12:50pm
1863,12:00pm - 12:50pm
1864,7:00pm - 7:50pm
1865,5:00pm - 5:50pm
1866,9:30am - 10:45am
1867,9:00am - 9:50am
1868,5:00pm - 5:50pm
1869,6:00pm - 6:50pm
1870,7:00pm - 7:50pm
1871,2:00pm - 4:30pm
1872,2:00pm - 4:30pm
1873,3:30pm - 6:00pm
1874,4:00pm - 5:50pm
1876,5:00pm - 6:50pm
1877,4:00pm - 4:50pm
1878,4:00pm - 6:00pm
1879,3:00pm - 5:00pm
1880,6:30pm - 7:30pm
1882,5:00pm - 6:50pm
1883,5:00pm - 6:15pm
1884,5:00pm - 5:50pm
1885,10:00am - 10:50am
1886,11:00am - 11:50am
1887,12:00pm - 12:50pm
1888,9:00am - 9:50am
1889,2:00pm - 3:15pm
1890,9:30am - 10:45am
1891,12:00pm - 12:50pm
1892,11:00am - 11:50am
1893,3:30pm - 4:45pm
1894,11:00am - 12:15pm
1895,1:00pm - 1:50pm
1896,12:00pm - 12:50pm
1897,11:00am - 11:50am
1898,2:00pm - 3:15pm
1899,2:00pm - 3:15pm
1900,4:00pm - 5:15pm
1901,10:00am - 10:50am
1902,11:00am - 11:50am
1903,11:00am - 11:50am
1904,12:00pm - 12:50pm
1905,10:00am - 10:50am
1906,11:00am - 11:50am
1907,2:00pm - 2:50pm
1908,9:00am - 9:50am
1909,10:00am - 10:50am
1910,11:00am - 11:50am
1912,3:30pm - 6:00pm
1913,11:00am - 12:15pm
1914,2:00pm - 3:15pm
1915,3:30pm - 6:00pm
1916,2:00pm - 4:30pm
1917,4:00pm - 5:15pm
1918,2:00pm - 3:15pm
1919,6:30pm - 9:00pm
1920,6:30pm - 9:00pm
1921,6:30pm - 9:00pm
1922,12:30pm - 1:45pm
1923,11:00am - 12:15pm
1924,2:00pm - 4:30pm
1925,2:30pm - 5:00pm
1926,12:30pm - 1:45pm
1927,11:00am - 12:15pm
1928,11:00am - 12:15pm
1929,12:30pm - 1:45pm
1930,11:00am - 11:50am
1931,12:00pm - 12:50pm
1932,12:30pm - 1:45pm
1933,11:00am - 12:15pm
1934,12:30pm - 1:45pm
1935,9:30am - 10:45am
1936,8:00am - 9:15am
1937,9:30am - 10:45am
1938,6:30pm - 10:00pm
1940,9:00am - 9:50am
1941,10:00am - 10:50am
1942,9:30am - 10:45am
1943,8:00am - 8:50am
1944,9:00am - 9:50am
1945,10:00am - 10:50am
1946,8:00am - 9:15am
1947,12:30pm - 1:45pm
1948,3:30pm - 4:45pm
1949,9:30am - 10:45am
1950,12:30pm - 1:45pm
1951,9:30am - 10:45am
1952,10:00am - 10:50am
1953,8:00am - 8:50am
1954,8:00am - 9:15am
1955,8:00am - 8:50am
1956,8:00am - 9:15am
1957,9:30am - 10:45am
1958,11:00am - 12:15pm
1959,2:00pm - 4:30pm
1960,12:30pm - 1:45pm
1961,11:00am - 12:15pm
1962,9:30am - 10:45am
1966,12:30pm - 1:45pm
1967,9:30am - 10:45am
1968,11:00am - 12:15pm
1969,2:00pm - 3:15pm
1971,8:00am - 9:15am
1972,11:00am - 11:50am
1973,12:00pm - 12:50pm
1974,11:00am - 11:50am
1975,12:00pm - 12:50pm
1976,8:00am - 9:15am
1977,12:00pm - 12:50pm
1978,3:30pm - 4:45pm
1979,9:00am - 9:50am
1980,10:00am - 10:50am
1981,9:00am - 9:50am
1982,10:00am - 10:50am
1983,12:00am - 12:50am
1984,10:00am - 10:50am
1985,11:00am - 11:50am
1987,12:00pm - 12:50pm
1988,1:00pm - 1:50pm
1989,3:30pm - 6:00pm
1990,2:00pm - 3:50pm
1991,12:30pm - 1:45pm
1992,2:00pm - 3:15pm
1993,11:00am - 12:15pm
1994,12:30pm - 1:45pm
1995,2:00pm - 3:15pm
1996,11:00am - 11:50am
1997,9:30am - 10:45am
1998,11:00am - 12:15pm
1999,8:00am - 9:15am
2000,9:00am - 9:50am
2001,12:00pm - 12:50pm
2002,9:00am - 9:50am
2003,11:00am - 11:50am
2004,1:00pm - 1:50pm
2005,12:00pm - 12:50pm
2006,2:00pm - 2:50pm
2007,11:00am - 11:50am
2008,9:00am - 9:50am
2009,2:00pm - 3:15pm
2010,3:00pm - 3:50pm
2011,4:00pm - 4:50pm
2012,5:00pm - 5:50pm
2013,5:00pm - 7:30pm
2014,3:30pm - 4:45pm
2015,3:15pm - 4:30pm
2016,11:00am - 11:50am
2017,6:00pm - 6:50pm
2018,12:00pm - 12:50pm
2019,6:00pm - 6:50pm
2020,1:00pm - 1:50pm
2021,9:30am - 10:15am
2022,11:00am - 12:15pm
2023,11:00am - 12:15pm
2024,12:30pm - 1:45pm
2025,2:00pm - 3:15pm
2026,2:00pm - 3:15pm
2027,3:30pm - 4:45pm
2028,2:00pm - 3:15pm
2029,9:30am - 10:45am
2030,2:00pm - 4:30pm
2031,3:30pm - 4:45pm
2032,7:00pm - 8:15pm
2033,2:00pm - 3:15pm
2034,3:30pm - 4:45pm
2035,6:00pm - 7:15pm
2036,3:30pm - 6:00pm
2037,12:00pm - 12:50pm
2038,1:00pm - 1:50pm
2039,5:00pm - 5:50pm
2040,5:00pm - 5:50pm
2041,6:00pm - 6:50pm
2042,2:00pm - 2:50pm
2043,12:00pm - 12:50pm
2044,5:00pm - 5:00pm
2045,6:00pm - 6:50pm
2046,5:00pm - 5:50pm
2047,12:00pm - 12:50pm
2048,12:00pm - 12:50pm
2049,1:00pm - 1:50pm
2050,12:00pm - 12:50pm
2051,3:30pm - 6:00pm
2052,5:00pm - 7:30pm
2053,12:30pm - 1:45pm
2054,3:30pm - 4:45pm
2055,11:00am - 12:15pm
2056,2:00pm - 3:15pm
2057,7:00pm - 9:30pm
2058,7:00pm - 9:30pm
2059,2:00pm - 4:30pm
2060,12:30pm - 1:45pm
2061,3:30pm - 6:00pm
2062,3:30pm - 4:45pm
2063,12:30pm - 1:45pm
2064,1:00pm - 1:50pm
2065,12:00pm - 12:50pm
2066,12:00pm - 12:50pm
2067,5:00pm - 7:30pm
2068,5:00pm - 5:50pm
2069,2:00pm - 4:30pm
2070,9:30am - 10:45am
2071,2:30pm - 5:00pm
2072,3:30pm - 4:45pm
2073,3:30pm - 6:00pm
2074,5:00pm - 6:15pm
2075,2:00pm - 3:15pm
2076,5:00pm - 7:30pm
2077,5:00pm - 7:30pm
2078,7:00pm - 9:00pm
2079,11:00am - 12:15pm
2080,6:30pm - 8:30pm
2081,6:00pm - 8:00pm
2082,6:00pm - 8:00pm
2083,12:00pm - 12:50pm
2084,1:00pm - 2:50pm
2085,3:00pm - 4:50pm
2086,5:00pm - 6:50pm
2087,12:00pm - 1:50pm
2088,2:00pm - 3:50pm
2089,4:00pm - 5:50pm
2090,11:00am - 11:50am
2091,9:30am - 10:45am
2092,12:00pm - 12:50pm
2093,1:00pm - 1:50pm
2094,8:30am - 9:45am
2095,6:00pm - 8:00pm
2096,6:00pm - 8:00pm
2097,6:00pm - 8:00pm
2098,11:00am - 11:50am
2099,9:30am - 10:45am
2100,12:00pm - 12:50pm
2101,2:00pm - 4:00pm
2102,4:00pm - 6:00pm
2103,12:00pm - 12:50pm
2104,2:00pm - 4:00pm
2105,4:00pm - 6:00pm
2106,4:00pm - 6:00pm
2107,6:00pm - 8:00pm
2109,5:00pm - 7:30pm
2112,11:00am - 12:15pm
2113,2:00pm - 3:15pm
2114,12:30pm - 1:45pm
2115,3:30pm - 4:45pm
2116,3:30pm - 6:00pm
2117,3:30pm - 4:45pm
2118,2:00pm - 3:15pm
2119,10:00am - 10:50am
2120,1:00pm - 3:00pm
2121,12:00pm - 2:00pm
2122,1:00pm - 3:00pm
2123,9:30am - 10:45am
2124,12:30pm - 1:45pm
2125,10:00am - 10:50am
2126,3:30pm - 4:45pm
2127,8:00am - 9:15am
2128,2:00pm - 3:15pm
2129,5:00pm - 5:50pm
2130,8:00am - 9:15am
2131,12:00pm - 12:50pm
2132,8:00am - 9:15am
2133,9:30am - 10:45am
2134,11:00am - 12:15pm
2135,2:00pm - 3:15pm
2136,3:30pm - 4:45pm
2137,9:00am - 9:50am
2138,11:00am - 11:50am
2139,12:00pm - 12:50pm
2140,8:00am - 9:15am
2141,7:00pm - 8:30pm
2142,11:00am - 12:15pm
2143,12:30pm - 1:45pm
2144,2:00pm - 3:15pm
2145,2:00pm - 3:15pm
2146,3:30pm - 4:45pm
2147,5:00pm - 6:15pm
2148,9:00am - 9:50am
2149,11:00am - 11:50am
2150,12:00pm - 12:50pm
2151,9:30am - 10:45am
2152,10:00am - 10:50am
2153,11:00am - 12:15pm
2154,11:00am - 11:50am
2155,12:30pm - 1:45pm
2156,12:00pm - 12:50pm
2157,2:00pm - 3:15pm
2158,5:00pm - 5:50pm
2159,9:30am - 10:45am
2160,10:00am - 10:50am
2161,11:00am - 12:15pm
2162,9:00am - 9:50am
2163,12:30pm - 1:45pm
2164,12:00pm - 12:50pm
2165,2:00pm - 3:15pm
2166,11:00am - 11:50am
2167,2:00pm - 3:15pm
2168,4:00pm - 4:50pm
2169,3:30pm - 4:45pm
2170,5:00pm - 5:50pm
2171,2:00pm - 3:15pm
2172,6:00pm - 6:50pm
2173,3:30pm - 4:45pm
2174,5:00pm - 5:50pm
2175,12:30pm - 1:45pm
2176,5:00pm - 5:50pm
2177,11:00am - 11:50am
2178,5:00pm - 5:50pm
2179,10:00am - 10:50am
2180,11:00am - 11:50am
2181,12:00pm - 12:50pm
2182,12:30pm - 1:45pm
2183,5:00pm - 5:50pm
2184,2:00pm - 3:15pm
2185,6:00pm - 6:50pm
2186,2:00pm - 3:15pm
2187,5:00pm - 5:50pm
2188,3:30pm - 4:45pm
2189,4:00pm - 4:50pm
2190,11:00am - 12:15pm
2191,4:00pm - 4:50pm
2192,9:30am - 10:45am
2193,5:00pm - 5:50pm
2194,9:30am - 10:45am
2195,5:00pm - 5:50pm
2196,11:00am - 12:15pm
2197,3:30pm - 4:45pm
2198,5:00pm - 6:15pm
2199,2:00pm - 3:15pm
2200,8:00am - 9:15am
2201,9:30am - 10:45am
2202,10:00am - 10:50am
2203,11:00am - 12:15pm
2204,11:00am - 12:15pm
2205,2:00pm - 3:15pm
2206,12:30pm - 1:45pm
2207,9:30am - 10:45am
2208,12:00pm - 12:50pm
2209,2:00pm - 3:15pm
2210,2:00pm - 3:15pm
2211,11:00am - 11:50am
2212,2:00pm - 3:15pm
2213,2:00pm - 4:15pm
2214,12:30pm - 1:45pm
2215,5:00pm - 5:50pm
2216,6:00pm - 6:50pm
2217,7:00pm - 7:50pm
2218,5:00pm - 5:50pm
2219,6:00pm - 6:50pm
2220,7:00pm - 7:50pm
2221,5:00pm - 5:50pm
2222,6:00pm - 6:50pm
2223,7:00pm - 7:50pm
2224,10:00am - 10:50am
2225,11:00am - 11:50am
2226,12:00pm - 12:50pm
2227,5:00pm - 7:30pm
2228,12:30pm - 1:45pm
2229,3:30pm - 6:00pm
2230,11:00am - 12:15pm
2231,8:00am - 9:15am
2232,9:30am - 10:45am
2233,5:00pm - 7:30pm
2234,2:00pm - 3:15pm
2235,5:00pm - 6:15pm
2236,9:30am - 10:45am
2237,5:00pm - 7:30pm
2238,2:00pm - 3:15pm
2239,2:00pm - 3:15pm
2240,11:00am - 12:15pm
2241,4:30pm - 7:00pm
2242,5:00pm - 7:30pm
2243,3:30pm - 6:00pm
2244,11:00am - 12:15pm
2245,3:30pm - 4:45pm
2246,8:00am - 9:15am
2247,11:00am - 12:15pm
2248,4:00pm - 6:30pm
2249,12:30pm - 1:45pm
2250,2:00pm - 3:15pm
2251,3:30pm - 4:45pm
2252,5:00pm - 7:30pm
2253,5:00pm - 6:15pm
2254,9:30am - 10:45am
2255,12:30pm - 1:45pm
2256,3:30pm - 4:45pm
2257,12:30pm - 1:45pm
2258,3:30pm - 4:45pm
2259,4:00pm - 4:50pm
2260,5:00pm - 5:50pm
2261,6:00pm - 6:50pm
2262,10:00am - 10:50am
2263,11:00am - 11:50am
2264,12:00pm - 12:50pm
2266,3:30pm - 4:45pm
2268,2:00pm - 3:15pm
2269,3:30pm - 6:00pm
2271,5:00pm - 7:30pm
2272,3:30pm - 6:00pm
2273,2:00pm - 4:30pm
2274,12:00pm - 12:50pm
2276,2:00pm - 3:15pm
2277,12:30pm - 1:45pm
2278,3:30pm - 4:45pm
2279,9:30am - 10:45am
2280,9:30am - 10:45am
2283,10:00am - 10:50am
2284,5:00pm - 6:15pm
2285,11:00am - 11:50am
2286,11:00am - 11:50am
2288,4:00pm - 6:00pm
2290,3:00pm - 4:50pm
2291,1:00pm - 2:50pm
2293,4:00pm - 6:00pm
2295,4:00pm - 5:50pm
2297,4:00pm - 6:00pm
2299,10:00am - 12:00pm
2301,4:00pm - 6:00pm
2303,12:30pm - 1:45pm
2304,9:30am - 10:45am
2305,11:00am - 12:15pm
2306,12:30pm - 1:45pm
2307,11:00am - 11:50am
2308,3:30pm - 4:45pm
2309,9:30am - 10:45am
2310,1:00pm - 1:50pm
2311,10:00am - 12:00pm
2312,1:00pm - 3:00pm
2313,3:00pm - 5:00pm
2314,10:00am - 12:00pm
2315,3:30pm - 5:30pm
2316,11:00am - 12:15pm
2317,12:30pm - 1:45pm
2318,10:00am - 11:15am
2319,11:00am - 12:15pm
2320,2:00pm - 3:15pm
2321,6:30pm - 8:00pm
2322,3:30pm - 5:30pm
2323,4:15pm - 6:45pm
2324,4:30pm - 5:30pm
2325,7:30pm - 9:30pm
2326,7:30pm - 10:00pm
2327,5:30pm - 7:00pm
2328,5:30pm - 7:00pm
2329,5:30pm - 7:00pm
2330,5:30pm - 7:00pm
2331,5:30pm - 7:00pm
2332,7:30pm - 10:00pm
2333,5:15pm - 6:15pm
2334,5:15pm - 6:15pm
2335,4:00pm - 5:00pm
2336,6:00pm - 6:50pm
2337,5:15pm - 6:15pm
2338,5:15pm - 6:15pm
2339,5:15pm - 6:15pm
2340,3:30pm - 5:30pm
2341,7:30pm - 10:00pm
2347,5:30pm - 7:00pm
2348,5:30pm - 7:00pm
2349,2:00pm - 3:30pm
2350,12:30pm - 2:00pm
2357,7:00pm - 8:00pm
2358,6:00pm - 6:50pm
2359,3:30pm - 5:30pm
2360,1:00pm - 3:15pm
2361,3:30pm - 5:30pm
2363,7:00pm - 9:00pm
2364,3:30pm - 5:30pm
2365,4:30pm - 5:30pm
2445,9:00am - 9:50am
2446,10:00am - 10:50am
2447,10:00am - 10:50am
2448,11:00am - 11:50am
2449,9:30am - 10:20am
2450,11:00am - 11:50am
2451,12:30pm - 1:20pm
2452,11:00am - 11:50am
2453,2:00pm - 3:15pm
2454,2:00pm - 2:50pm
2455,9:30am - 10:20am
2456,11:00am - 11:50am
2457,12:30pm - 1:20pm
2458,9:30am - 10:20am
2459,11:00am - 11:50am
2460,12:30pm - 1:20pm
2461,9:30am - 10:20am
2462,11:00am - 11:50am
2463,12:30pm - 1:20pm
2464,11:00am - 12:15pm
2465,12:30pm - 1:45pm
2466,1:00pm - 1:50pm
2467,10:00am - 10:50am
2468,11:00am - 11:50am
2470,1:00pm - 1:50pm
2471,3:30pm - 5:00pm
2473,2:00pm - 3:15pm
2475,1:00pm - 1:50pm
2476,11:00am - 11:50am
2477,12:00pm - 12:50pm
2478,2:00pm - 3:15pm
2479,12:00pm - 12:50pm
2480,12:00pm - 12:50pm
2481,1:00pm - 1:50pm
2482,11:00am - 11:50am
2483,9:30am - 10:45am
2484,9:00am - 9:50am
2485,10:00am - 10:50am
2486,11:00am - 11:50am
2488,12:30pm - 1:45pm
2489,9:00am - 9:50am
2490,10:00am - 10:50am
2491,11:00am - 11:50am
2492,2:00pm - 3:15pm
2493,9:30am - 10:45am
2497,9:30am - 10:45am
2498,4:00pm - 6:30pm
2500,9:30am - 10:45am
2501,2:00pm - 3:15pm
2502,9:30am - 10:45am
2503,12:30pm - 1:45pm
2504,2:00pm - 3:15pm
2505,9:30am - 10:45am
2506,3:00pm - 6:00pm
2507,9:30am - 10:45am
2508,9:00am - 9:50am
2531,3:30pm - 6:00pm
2547,11:00am - 12:50pm
2548,1:00pm - 2:50pm
2549,1:00pm - 1:50pm
2550,7:00am - 12:00pm
2551,7:00am - 12:00pm
2552,7:00am - 12:00pm
2553,7:00am - 12:00pm
2554,7:00am - 12:00pm
2555,7:00am - 12:00pm
2556,7:00am - 12:00pm
2557,7:00am - 12:00pm
2558,7:00am - 12:00pm
2559,7:00am - 12:00pm
2560,7:00am - 12:00pm
2561,7:00am - 12:00pm
2562,11:10am - 12:15pm
2563,7:00am - 3:00pm
2564,7:00am - 3:00pm
2565,7:00am - 3:00pm
2566,7:00am - 3:00pm
2567,7:00am - 3:00pm
2568,7:00am - 3:00pm
2569,11:10am - 12:15pm
2570,7:00am - 3:00pm
2571,7:00am - 3:00pm
2572,7:00am - 3:00pm
2573,7:00am - 3:00pm
2574,7:00am - 3:00pm
2575,2:00pm - 4:50pm
2576,8:30am - 9:35am
2577,9:00am - 5:00pm
2578,8:00am - 4:30pm
2579,8:00am - 4:30pm
2580,8:00am - 4:30pm
2581,8:00am - 4:30pm
2582,8:30am - 9:35am
2583,7:00am - 3:00pm
2584,8:00am - 4:00pm
2585,7:00am - 3:00pm
2586,8:00am - 4:00pm
2587,1:00pm - 9:00pm
2588,7:00am - 3:00pm
2589,1:00pm - 3:50pm
2590,1:00pm - 3:50pm
2591,1:00pm - 3:50pm
2592,1:30pm - 4:20pm
2593,1:30pm - 4:20pm
2594,1:00pm - 3:50pm
2610,10:00am - 10:50am
2611,11:30am - 2:00pm
2612,2:30pm - 5:00pm
2613,5:00pm - 7:30pm
2614,9:30am - 10:45am
2615,6:30pm - 8:30pm
2616,4:00pm - 5:15pm
2617,10:00am - 11:50am
2618,1:00pm - 2:50pm
2619,9:00am - 10:15am
2620,5:10pm - 7:10pm
2621,9:45am - 11:00am
2622,9:45am - 11:00am
2623,10:30am - 11:45am
2624,6:00pm - 10:00pm
2625,6:00pm - 10:00pm
2626,8:00am - 11:50am
2627,8:00am - 11:50am
2628,8:30am - 12:20pm
2629,8:30am - 12:20pm
2630,8:30am - 12:20pm
2632,3:30pm - 4:20pm
2634,2:00pm - 5:00pm
2635,1:00pm - 2:30pm
2636,12:45pm - 1:45pm
2637,10:00am - 10:50am
2638,12:00pm - 12:50pm
2639,2:00pm - 3:15pm
2640,3:30pm - 6:00pm
2641,8:00am - 8:50am
2642,8:00am - 8:50am
2643,9:00am - 9:50am
2644,10:00am - 10:50am
2645,11:00am - 11:50am
2646,12:00pm - 12:50pm
2647,1:00pm - 1:50pm
2648,2:00pm - 2:50pm
2649,11:00am - 11:50am
2650,12:00pm - 12:50pm
2651,9:30am - 10:45am
2652,11:00am - 12:15pm
2653,12:30pm - 1:45pm
2654,12:00pm - 12:50pm
2655,12:00pm - 12:50pm
2656,1:00pm - 1:50pm
2657,2:00pm - 2:50pm
2658,11:00am - 11:50am
2659,12:00pm - 12:50pm
2660,1:00pm - 1:50pm
2661,11:00am - 11:50am
2662,12:00pm - 12:50pm
2663,1:00pm - 1:50pm
2664,2:00pm - 2:50pm
2665,6:00pm - 6:50pm
2666,7:00pm - 7:50pm
2667,8:00pm - 8:50pm
2668,11:00am - 11:50am
2669,12:00pm - 12:50pm
2670,1:00pm - 1:50pm
2671,9:00am - 9:50am
2672,8:00am - 8:50am
2673,9:00am - 9:50am
2674,12:00pm - 12:50pm
2675,2:00pm - 3:15pm
2676,6:00pm - 7:15pm
2677,8:00am - 8:50am
2678,8:00am - 8:50am
2679,9:00am - 9:50am
2680,10:00am - 10:50am
2681,11:00am - 11:50am
2682,12:00pm - 12:50pm
2683,1:00pm - 1:50pm
2684,5:00pm - 5:50pm
2685,12:00pm - 12:50pm
2686,1:00pm - 1:50pm
2687,2:00pm - 2:50pm
2688,11:00am - 12:15pm
2689,2:00pm - 3:15pm
2690,2:00pm - 3:15pm
2691,12:30pm - 1:45pm
2692,8:00am - 9:15am
2693,9:30am - 10:45am
2694,12:30pm - 1:45pm
2695,2:00pm - 3:15pm
2696,12:30pm - 1:45pm
2697,2:00pm - 3:15pm
2698,9:30am - 10:45am
2699,9:30am - 10:45am
2700,2:00pm - 3:15pm
2701,12:30pm - 1:45pm
2702,12:30pm - 1:45pm
2703,12:00pm - 12:50pm
2704,9:00am - 9:50am
2705,9:00am - 9:50am
2706,10:00am - 10:50am
2707,11:00am - 11:50am
2708,12:00pm - 12:50pm
2709,12:00pm - 1:50pm
2710,2:00pm - 3:50pm
2711,4:00pm - 5:50pm
2712,6:00pm - 7:50pm
2713,12:00pm - 1:50pm
2714,2:00pm - 3:50pm
2715,2:00pm - 3:50pm
2716,4:00pm - 5:50pm
2717,4:00pm - 5:50pm
2718,6:00pm - 7:50pm
2719,12:00pm - 1:50pm
2720,12:00pm - 1:50pm
2721,2:00pm - 3:50pm
2722,2:00pm - 3:50pm
2723,4:00pm - 5:50pm
2724,4:00pm - 5:50pm
2725,6:00pm - 7:50pm
2726,12:00pm - 1:50pm
2727,2:00pm - 3:50pm
2728,2:00pm - 3:50pm
2729,4:00pm - 5:50pm
2730,4:00pm - 5:50pm
2731,2:00pm - 3:15pm
2732,2:00pm - 2:50pm
2733,9:30am - 10:45am
2734,11:00am - 12:15pm
2735,9:00am - 10:50am
2736,11:00am - 12:50pm
2737,1:00pm - 2:50pm
2738,3:00pm - 4:50pm
2739,5:00pm - 6:50pm
2740,1:00pm - 2:50pm
2741,3:00pm - 4:50pm
2742,5:00pm - 6:50pm
2743,11:00am - 12:50pm
2744,1:00pm - 2:50pm
2745,3:00pm - 4:50pm
2746,5:00pm - 6:50pm
2747,1:00pm - 2:50pm
2748,3:00pm - 4:50pm
2749,11:00am - 12:15pm
2750,10:00am - 10:50am
2751,10:00am - 11:50am
2752,12:00pm - 1:50pm
2753,2:00pm - 3:50pm
2754,4:00pm - 5:50pm
2755,6:00pm - 7:50pm
2756,1:00pm - 1:50pm
2757,5:00pm - 5:50pm
2758,2:00pm - 2:50pm
2759,2:00pm - 5:50pm
2760,2:00pm - 5:50pm
2761,2:00pm - 5:50pm
2762,2:00pm - 5:50pm
2763,11:00am - 12:15pm
2764,9:00am - 9:50am
2765,2:00pm - 4:50pm
2766,12:00pm - 12:50pm
2767,9:30am - 10:45am
2768,10:00am - 10:50am
2769,12:30pm - 1:45pm
2770,11:00am - 11:50am
2815,11:00am - 12:15pm
2816,9:30am - 11:30am
2817,12:30pm - 1:45pm
2818,11:00am - 1:30pm
2819,2:00pm - 3:15pm
2820,1:00pm - 2:15pm
2821,5:00pm - 6:15pm
2823,1:00pm - 1:50pm
2824,10:00am - 10:50am
2825,10:00am - 10:50am
2826,4:00pm - 5:15pm
2827,4:00pm - 4:50pm
2828,9:00am - 9:50am
2829,10:00am - 10:50am
2830,11:00am - 11:50am
2831,12:00pm - 12:50pm
2832,1:00pm - 1:50pm
2833,2:00pm - 2:50pm
2834,3:00pm - 3:50pm
2835,4:00pm - 4:50pm
2836,5:00pm - 5:50pm
2837,6:00pm - 6:50pm
2838,7:00pm - 7:50pm
2839,8:00pm - 8:50pm
2840,2:00pm - 4:30pm
2841,11:00am - 11:50am
2842,11:00am - 11:50am
2843,4:30pm - 7:00pm
2844,2:00pm - 4:30pm
2845,9:30am - 10:45am
2846,4:30pm - 7:00pm
2847,2:00pm - 4:30pm
2848,3:30pm - 6:00pm
2849,4:30pm - 7:00pm
2850,4:00pm - 6:30pm
2851,11:00am - 12:15pm
2852,5:00pm - 6:15pm
2853,11:00am - 11:50am
2854,6:00pm - 6:50pm
2855,5:00pm - 5:50pm
2856,6:00pm - 6:50pm
2857,7:00pm - 7:50pm
2858,8:00pm - 8:50pm
2859,10:00am - 10:50am
2860,4:30pm - 7:00pm
2861,2:00pm - 4:30pm
2862,4:30pm - 7:00pm
2863,3:30pm - 6:00pm
2864,11:00am - 11:50am
2865,5:00pm - 5:50pm
2866,6:00pm - 6:50pm
2867,7:00pm - 7:50pm
2868,8:00pm - 8:50pm
2869,5:00pm - 5:50pm
2870,6:00pm - 6:50pm
2871,7:00pm - 7:50pm
2872,8:00pm - 8:50pm
2873,10:00am - 10:50am
2874,3:00pm - 3:50pm
2875,8:00pm - 8:50pm
2876,7:00pm - 7:50pm
2877,4:00pm - 4:50pm
2878,7:00pm - 7:50pm
2879,5:00pm - 5:50pm
2880,1:00pm - 1:50pm
2881,2:00pm - 2:50pm
2882,3:00pm - 3:50pm
2883,4:00pm - 4:50pm
2884,2:00pm - 4:30pm
2885,3:30pm - 6:00pm
2886,6:00pm - 8:30pm
2887,9:00am - 9:50am
2888,4:00pm - 4:50pm
2889,8:00pm - 8:50pm
2890,6:00pm - 6:50pm
2891,7:00pm - 7:50pm
2892,4:00pm - 4:50pm
2893,5:00pm - 5:50pm
2894,10:00am - 10:50am
2895,7:00pm - 7:50pm
2896,6:00pm - 6:50pm
2897,8:00pm - 8:50pm
2898,11:00am - 11:50am
2899,12:00pm - 12:50pm
2900,1:00pm - 1:50pm
2901,2:00pm - 2:50pm
2902,11:00am - 12:15pm
2903,6:00pm - 7:30pm
2904,3:30pm - 6:00pm
2905,6:00pm - 8:30pm
2906,12:00pm - 12:50pm
2907,12:30pm - 1:45pm
2908,12:00pm - 12:50pm
2909,11:00am - 11:50am
2910,3:30pm - 4:45pm
2911,6:00pm - 8:30pm
2912,4:00pm - 6:30pm
2913,3:30pm - 6:00pm
2914,5:00pm - 7:30pm
2915,7:30pm - 9:00pm
2916,11:00am - 12:15pm
2917,2:00pm - 3:15pm
2918,11:30am - 2:00pm
2919,10:00am - 11:00am
2920,11:00am - 12:15pm
2921,12:30pm - 1:45pm
2922,11:00am - 12:15pm
2923,3:30pm - 4:45pm
2924,9:30am - 10:45am
2925,2:00pm - 3:15pm
2926,5:00pm - 6:50pm
2927,11:00am - 12:15pm
2928,2:30pm - 3:30pm
2929,9:30am - 10:45am
2930,2:00pm - 3:15pm
2970,3:30pm - 4:45pm
2972,3:30pm - 6:00pm
2973,2:00pm - 3:15pm
2974,8:00am - 9:15am
2975,2:00pm - 4:30pm
2976,3:30pm - 6:00pm
2977,9:30am - 10:45am
2978,2:00pm - 3:15pm
2979,2:00pm - 4:30pm
2980,3:30pm - 4:45pm
2981,9:00am - 11:30am
2982,9:30am - 10:45am
2983,2:00pm - 3:15pm
2984,2:00pm - 3:15pm
2987,2:00pm - 4:30pm
2988,2:00pm - 4:30pm
2989,12:30pm - 1:45pm
2990,3:30pm - 6:00pm
2991,3:30pm - 6:00pm
2992,2:00pm - 2:50pm
2993,5:00pm - 5:50pm
2994,6:00pm - 6:50pm
2995,7:00pm - 7:50pm
2996,5:00pm - 5:50pm
2997,6:00pm - 6:50pm
2998,7:00pm - 7:50pm
2999,9:30am - 10:45am
3000,5:00pm - 5:50pm
3001,6:00pm - 6:50pm
3002,7:00pm - 7:50pm
3003,12:00pm - 12:50pm
3004,1:00pm - 1:50pm
3005,2:00pm - 2:50pm
3006,11:00am - 12:15pm
3007,10:00am - 10:50am
3008,12:00pm - 12:50pm
3010,1:00pm - 1:50pm
3011,2:00pm - 2:50pm
3013,9:00am - 9:50am
3014,3:00pm - 3:50pm
3015,4:00pm - 4:50pm
3016,2:00pm - 2:50pm
3017,11:00am - 11:50am
3018,5:00pm - 5:50pm
3019,6:00pm - 6:50pm
3020,7:00pm - 7:50pm
3021,3:30pm - 6:00pm
3022,9:30am - 10:45am
3023,11:00am - 12:15pm
3024,2:00pm - 3:15pm
3025,3:30pm - 4:45pm
3026,2:00pm - 3:15pm
3028,3:30pm - 6:00pm
3029,4:00pm - 4:50pm
3030,10:00am - 10:50am
3031,7:00pm - 7:50pm
3032,5:00pm - 5:50pm
3033,6:00pm - 6:50pm
3034,5:00pm - 5:50pm
3035,6:00pm - 6:50pm
3036,7:00pm - 7:50pm
3037,11:00am - 12:15pm
3038,2:00pm - 3:15pm
3039,11:00am - 12:15pm
3040,7:00pm - 7:50pm
3041,6:00pm - 6:50pm
3042,8:00pm - 8:50pm
3043,2:00pm - 2:50pm
3044,8:00pm - 8:50pm
3045,6:00pm - 6:50pm
3046,7:00pm - 7:50pm
3047,1:00pm - 1:50pm
3048,2:00pm - 2:50pm
3049,12:00pm - 12:50pm
3050,2:00pm - 2:50pm
3051,5:00pm - 5:50pm
3052,6:00pm - 6:50pm
3053,7:00pm - 7:50pm
3054,7:00pm - 7:50pm
3055,12:00pm - 12:50pm
3056,1:00pm - 1:50pm
3057,2:00pm - 2:50pm
3058,8:00pm - 8:50pm
3059,6:00pm - 6:50pm
3060,7:00pm - 7:50pm
3061,5:00pm - 5:50pm
3062,6:00pm - 6:50pm
3063,2:00pm - 3:15pm
3064,9:30am - 10:45am
3065,3:30pm - 6:00pm
3066,2:00pm - 3:15pm
3067,12:30pm - 1:45pm
3068,5:00pm - 7:30pm
3069,3:30pm - 6:00pm
3070,2:00pm - 4:30pm
3071,9:30am - 10:45am
3072,2:00pm - 2:50pm
3073,5:00pm - 5:50pm
3074,6:00pm - 6:50pm
3075,7:00pm - 7:50pm
3076,5:00pm - 5:50pm
3077,6:00pm - 6:50pm
3078,7:00pm - 7:50pm
3079,5:00pm - 5:50pm
3080,6:00pm - 6:50pm
3081,7:00pm - 7:50pm
3082,11:00am - 12:15pm
3083,11:00am - 12:15pm
3084,9:30am - 10:45am
3085,2:00pm - 3:15pm
3086,10:00am - 10:50am
3088,2:00pm - 2:50pm
3089,3:00pm - 3:50pm
3090,4:00pm - 4:50pm
3091,2:00pm - 3:15pm
3092,11:00am - 12:15pm
3093,1:00pm - 1:50pm
3094,10:00am - 12:30pm
3095,2:00pm - 4:30pm
3096,12:30pm - 1:45pm
3097,9:30am - 10:45am
3098,3:30pm - 6:00pm
3099,8:30am - 9:20am
3100,3:30pm - 4:20pm
3101,10:00am - 10:50am
3102,11:00am - 11:50am
3103,12:00pm - 12:50pm
3104,2:00pm - 2:50pm
3105,3:30pm - 4:20pm
3106,10:00am - 10:50am
3107,12:00pm - 12:50pm
3108,10:00am - 10:50am
3109,12:30pm - 1:45pm
3110,2:00pm - 3:15pm
3111,11:00am - 12:15pm
3112,12:30pm - 1:45pm
3113,5:00pm - 6:15pm
3114,11:00am - 12:15pm
3115,1:00pm - 1:50pm
3116,11:00am - 11:50am
3117,3:30pm - 4:45pm
3118,2:00pm - 3:15pm
3119,1:00pm - 1:50pm
3120,11:00am - 11:50am
3121,3:00pm - 3:50pm
3122,9:00am - 9:50am
3123,8:00am - 8:50am
3124,10:00am - 10:50am
3125,1:00pm - 1:50pm
3126,10:00am - 10:50am
3127,2:00pm - 2:50pm
3128,9:00am - 9:50am
3129,1:00pm - 1:50pm
3130,9:00am - 9:50am
3131,12:00pm - 12:50pm
3132,9:00am - 9:50am
3133,3:00pm - 3:50pm
3134,1:00pm - 1:50pm
3135,8:00am - 8:50am
3136,11:00am - 11:50am
3137,9:00am - 9:50am
3138,2:00pm - 2:50pm
3139,9:00am - 9:50am
3140,11:00pm - 11:50pm
3141,8:00am - 8:50am
3142,12:00pm - 12:50pm
3143,9:00am - 9:50am
3144,8:00am - 8:50am
3145,2:00pm - 2:50pm
3146,2:00pm - 3:15pm
3147,10:00am - 10:50am
3148,9:00am - 9:50am
3149,2:00pm - 2:50pm
3150,3:00pm - 3:50pm
3151,4:00pm - 4:50pm
3152,9:00am - 9:50am
3153,2:00pm - 2:50pm
3154,8:00am - 8:50am
3155,2:00pm - 3:15pm
3156,5:00pm - 6:15pm
3157,5:00pm - 6:15pm
3158,9:30am - 10:45am
3159,11:00am - 12:15pm
3160,11:00am - 11:50am
3161,9:00am - 9:50am
3162,2:00pm - 2:50pm
3163,3:00pm - 3:50pm
3164,3:00pm - 3:50pm
3165,8:00am - 9:50am
3166,1:00pm - 2:50pm
3167,10:00am - 11:50am
3168,3:00pm - 4:50pm
3169,2:00pm - 2:50pm
3170,9:00am - 9:50am
3171,2:00pm - 2:50pm
3172,10:00am - 10:50am
3173,4:00pm - 5:15pm
3174,4:00pm - 5:15pm
3175,2:00pm - 3:15pm
3176,11:00am - 12:15pm
3177,12:30pm - 1:45pm
3178,9:30am - 10:45am
3179,9:30am - 10:45am
3180,12:30pm - 1:45pm
3181,3:30pm - 4:45pm
3182,3:30pm - 4:45pm
3183,11:00am - 12:15pm
3184,12:30pm - 1:45pm
3185,2:00pm - 3:15pm
3186,11:00am - 12:15pm
3187,3:30pm - 4:45pm
3188,9:30am - 10:45am
3189,11:00am - 12:15pm
3190,2:00pm - 3:15pm
3191,12:30pm - 1:45pm
3192,12:30pm - 1:45pm
3193,2:00pm - 3:15pm
3194,12:30pm - 1:45pm
3195,9:30am - 10:45am
3196,10:00am - 10:50am
3197,11:00am - 11:50am
3198,3:00pm - 3:50pm
3199,11:00am - 11:50am
3200,9:00am - 9:50am
3201,10:00am - 10:50am
3202,12:00pm - 12:50pm
3203,9:00am - 9:50am
3204,8:00am - 8:50am
3205,10:00am - 10:50am
3206,12:00pm - 12:50pm
3207,1:00pm - 1:50pm
3208,4:00pm - 4:50pm
3209,3:00pm - 3:50pm
3210,11:00am - 11:50am
3211,4:00pm - 4:50pm
3212,9:30am - 10:45am
3213,9:00am - 9:50am
3214,8:00am - 8:50am
3215,12:30pm - 1:45pm
3216,1:00pm - 1:50pm
3217,10:00am - 10:50am
3218,2:00pm - 3:15pm
3219,2:00pm - 3:15pm
3220,11:00am - 12:15pm
3221,3:30pm - 4:45pm
3222,12:00pm - 12:50pm
3223,3:00pm - 4:15pm
3224,2:00pm - 3:15pm
3225,2:00pm - 2:50pm
3226,4:00pm - 4:50pm
3227,9:30am - 10:45am
3228,6:30pm - 7:45pm
3229,11:00am - 11:50am
3230,3:00pm - 3:50pm
3231,11:00am - 12:15pm
3232,12:00pm - 12:50pm
3233,9:30am - 10:45am
3234,11:00am - 12:15pm
3235,9:00am - 9:50am
3236,1:00pm - 1:50pm
3237,12:30pm - 1:45pm
3238,3:30pm - 4:45pm
3239,11:00am - 12:15pm
3240,3:00pm - 3:50pm
3241,2:00pm - 3:15pm
3242,8:00am - 8:50am
3243,2:00pm - 3:15pm
3244,12:30pm - 1:45pm
3245,8:00am - 9:15am
3246,5:00pm - 6:15pm
3247,6:30pm - 7:45pm
3248,5:00pm - 6:15pm
3249,10:00am - 10:50am
3250,8:00am - 9:15am
3251,1:00pm - 1:50pm
3252,9:30am - 10:45am
3253,2:00pm - 3:15pm
3254,9:00am - 9:50am
3255,1:00pm - 1:50pm
3256,9:00am - 9:50am
3257,11:00am - 11:50am
3258,1:00pm - 1:50pm
3259,12:00pm - 12:50pm
3260,9:30am - 10:45am
3261,11:00am - 12:15pm
3262,9:00am - 9:50am
3263,11:00am - 11:50am
3264,9:00am - 9:50am
3265,10:00am - 10:50am
3266,8:00am - 9:15am
3267,9:30am - 10:45am
3268,12:30pm - 1:45pm
3269,11:00am - 11:50am
3270,9:30am - 10:45am
3271,2:00pm - 2:50pm
3272,12:00pm - 12:50pm
3273,12:30pm - 1:45pm
3274,11:00am - 12:15pm
3275,11:00am - 11:50am
3276,12:30pm - 1:45pm
3277,12:30pm - 1:45pm
3278,6:30pm - 7:45pm
3279,12:30pm - 1:45pm
3280,3:30pm - 4:45pm
3281,3:30pm - 4:45pm
3282,11:00am - 12:15pm
3283,9:30am - 10:45am
3284,2:00pm - 3:15pm
3285,3:30pm - 4:45pm
3286,12:30pm - 1:45pm
3287,3:30pm - 4:45pm
3288,5:00pm - 6:15pm
3289,2:00pm - 3:15pm
3290,5:00pm - 6:15pm
3291,5:00pm - 6:15pm
3292,3:00pm - 4:15pm
3293,3:30pm - 4:45pm
3294,2:00pm - 3:15pm
3295,3:30pm - 4:45pm
3297,9:00am - 9:50am
3298,9:00am - 9:50am
3299,8:00am - 9:15am
3300,9:30am - 10:45am
3301,11:00am - 12:15pm
3302,2:00pm - 3:15pm
3303,3:30pm - 4:45pm
3304,5:00pm - 6:15pm
3305,5:00pm - 5:50pm
3306,6:00pm - 6:50pm
3307,7:00pm - 7:50pm
3308,4:00pm - 4:50pm
3309,8:00am - 8:50am
3310,8:00am - 8:50am
3311,9:00am - 9:50am
3312,10:00am - 10:50am
3313,11:00am - 11:50am
3314,4:00pm - 4:50pm
3315,9:00am - 9:50am
3316,10:00am - 10:50am
3317,3:30pm - 4:45pm
3318,5:00pm - 6:15pm
3319,3:30pm - 4:45pm
3320,11:00am - 12:15pm
3321,5:00pm - 6:15pm
3322,9:00am - 9:50am
3323,12:30pm - 1:45pm
3324,2:00pm - 3:15pm
3325,8:00am - 9:15am
3326,3:30pm - 4:45pm
3327,5:00pm - 6:15pm
3328,1:00pm - 1:50pm
3329,9:30am - 10:45am
3330,2:00pm - 3:15pm
3331,3:30pm - 4:45pm
3332,3:30pm - 4:45pm
3333,9:30am - 10:45am
3334,11:00am - 12:15pm
3335,12:30pm - 1:45pm
3336,2:00pm - 3:15pm
3337,12:00pm - 1:15pm
3338,9:30am - 10:45am
3339,11:00am - 12:15pm
3340,12:30pm - 1:45pm
3341,3:30pm - 4:45pm
3342,3:30pm - 4:45pm
3343,2:00pm - 3:15pm
3344,3:30pm - 6:00pm
3345,9:30am - 10:45am
3346,9:30am - 10:45am
3347,3:30pm - 4:45pm
3348,5:00pm - 7:30pm
3349,5:00pm - 6:15pm
3350,12:30pm - 1:45pm
3351,9:30am - 10:45am
3352,11:00am - 12:15pm
3353,2:00pm - 3:15pm
3354,5:00pm - 7:30pm
3355,2:00pm - 3:15pm
3356,11:00am - 12:15pm
3357,12:30pm - 1:45pm
3358,9:30am - 10:45am
3359,11:00am - 12:15pm
3360,2:00pm - 3:15pm
3361,9:30am - 10:45am
3362,2:00pm - 3:15pm
3363,5:00pm - 7:30pm
3364,12:30pm - 1:45pm
3365,3:30pm - 4:45pm
3366,2:00pm - 3:15pm
3367,3:30pm - 4:45pm
3368,3:30pm - 4:45pm
3369,9:30am - 10:45am
3370,3:30pm - 6:00pm
3371,11:00am - 12:15pm
3372,2:00pm - 3:15pm
3373,2:00pm - 3:15pm
3374,3:30pm - 4:45pm
3375,11:00am - 11:50am
3376,12:00pm - 12:50pm
3377,9:30am - 10:45am
3378,11:00am - 12:15pm
3379,9:30am - 10:45am
3380,2:00pm - 3:15pm
3381,2:00pm - 3:15pm
3382,12:30pm - 1:45pm
3383,5:00pm - 6:15pm
3384,3:30pm - 4:45pm
3385,10:30am - 11:45am
3386,5:00pm - 6:15pm
3406,3:30pm - 4:45pm
3407,2:00pm - 3:15pm
3408,3:00pm - 4:30pm
3409,5:00pm - 6:30pm
3410,4:00pm - 5:15pm
3411,4:00pm - 5:15pm
3412,2:00pm - 3:15pm
3413,4:00pm - 5:15pm
3414,8:00am - 9:15am
3415,9:30am - 10:45am
3416,8:00am - 9:15am
3417,2:00pm - 3:15pm
3418,1:00pm - 1:50pm
3419,9:30am - 10:45am
3420,4:00pm - 5:50pm
3421,4:00pm - 5:50pm
3422,2:00pm - 3:50pm
3423,3:00pm - 4:50pm
3424,3:00pm - 4:50pm
3425,2:00pm - 2:50pm
3426,6:00pm - 6:50pm
3427,8:30am - 9:20am
3428,5:00pm - 5:50pm
3429,5:00pm - 5:50pm
3430,7:00pm - 7:50pm
3431,6:00pm - 6:50pm
3432,12:30pm - 1:45pm
3433,9:30am - 10:45am
3434,12:30pm - 1:45pm
3435,3:30pm - 4:45pm
3436,2:00pm - 3:15pm
3437,2:00pm - 3:15pm
3438,2:00pm - 3:15pm
3439,5:00pm - 6:15pm
3440,2:00pm - 3:15pm
3441,12:00pm - 12:50pm
3442,1:00pm - 1:50pm
3443,1:00pm - 1:50pm
3444,2:00pm - 2:50pm
3445,3:30pm - 4:45pm
3446,6:00pm - 8:30pm
3447,3:30pm - 6:00pm
3448,3:30pm - 6:00pm
3449,3:30pm - 6:00pm
3450,3:30pm - 6:00pm
